{
  "selected_feature_names": [
    "topk_rank"
  ],
  "selected_feature_family": "routing_only",
  "selection_metric": "validation_mae",
  "selection_score": 0.033022097322546115,
  "train_metrics": {
    "mae": 0.050950363421483624,
    "r2": 0.010252805487636518,
    "num_records": 704,
    "feature_names": [
      "topk_rank"
    ],
    "feature_family": "routing_only"
  },
  "validation_metrics": {
    "mae": 0.032479597534201,
    "r2": 0.04795162750436632,
    "num_records": 160,
    "feature_names": [
      "topk_rank"
    ],
    "feature_family": "routing_only"
  },
  "test_metrics": {
    "mae": 0.0672027033105634,
    "r2": -0.038336614275800596,
    "num_records": 160,
    "feature_names": [
      "topk_rank"
    ],
    "feature_family": "routing_only"
  },
  "train_document_ids": [
    0,
    3,
    4,
    9,
    10,
    11,
    12,
    16,
    18,
    19,
    20,
    21,
    22,
    23,
    24,
    25,
    26,
    28,
    29,
    30,
    31,
    33
  ],
  "validation_document_ids": [
    35,
    36,
    38,
    39,
    41
  ],
  "test_document_ids": [
    42,
    43,
    45,
    46,
    48
  ],
  "candidate_feature_sets": [
    {
      "feature_names": [
        "topk_rank"
      ],
      "feature_family": "routing_only",
      "validation_mae": 0.033022097322546115,
      "validation_r2": 0.02146585404396184,
      "test_mae": 0.06774009684704052,
      "test_r2": -0.03928812632608181,
      "train_records": 704,
      "validation_records": 160,
      "test_records": 160
    },
    {
      "feature_names": [
        "topk_rank"
      ],
      "feature_family": "state_like",
      "validation_mae": 0.033022097322546115,
      "validation_r2": 0.02146585404396184,
      "test_mae": 0.06774009684704052,
      "test_r2": -0.03928812632608181,
      "train_records": 704,
      "validation_records": 160,
      "test_records": 160
    },
    {
      "feature_names": [
        "topk_rank",
        "layer_id"
      ],
      "feature_family": "state_like",
      "validation_mae": 0.033332957737519,
      "validation_r2": 0.030105358886007183,
      "test_mae": 0.0698035262524856,
      "test_r2": -0.038840190732101654,
      "train_records": 704,
      "validation_records": 160,
      "test_records": 160
    },
    {
      "feature_names": [
        "layer_id"
      ],
      "feature_family": "state_like",
      "validation_mae": 0.033835107683402144,
      "validation_r2": 0.01049531651945168,
      "test_mae": 0.06728733625282537,
      "test_r2": -0.036930277365956554,
      "train_records": 704,
      "validation_records": 160,
      "test_records": 160
    },
    {
      "feature_names": [
        "routing_entropy"
      ],
      "feature_family": "routing_only",
      "validation_mae": 0.037661384620342006,
      "validation_r2": -0.08915042816328267,
      "test_mae": 0.07042364916264007,
      "test_r2": -0.0756473519453571,
      "train_records": 704,
      "validation_records": 160,
      "test_records": 160
    },
    {
      "feature_names": [
        "abs_router_logit"
      ],
      "feature_family": "routing_only",
      "validation_mae": 0.03812065528276772,
      "validation_r2": -0.1545160916604793,
      "test_mae": 0.07358677701586386,
      "test_r2": -0.08507685187316905,
      "train_records": 704,
      "validation_records": 160,
      "test_records": 160
    },
    {
      "feature_names": [
        "router_logit"
      ],
      "feature_family": "routing_only",
      "validation_mae": 0.039278100532495905,
      "validation_r2": -0.275832082261694,
      "test_mae": 0.07360663896236194,
      "test_r2": -0.09403861511318912,
      "train_records": 704,
      "validation_records": 160,
      "test_records": 160
    },
    {
      "feature_names": [
        "effective_gate_weight",
        "routing_entropy"
      ],
      "feature_family": "routing_only",
      "validation_mae": 0.03935888591507699,
      "validation_r2": -0.1803672170493189,
      "test_mae": 0.07761306955774387,
      "test_r2": -0.09637392451959026,
      "train_records": 704,
      "validation_records": 160,
      "test_records": 160
    },
    {
      "feature_names": [
        "router_probability",
        "routing_entropy"
      ],
      "feature_family": "routing_only",
      "validation_mae": 0.03935888591507699,
      "validation_r2": -0.1803672170493189,
      "test_mae": 0.07761306955774387,
      "test_r2": -0.09637392451959026,
      "train_records": 704,
      "validation_records": 160,
      "test_records": 160
    },
    {
      "feature_names": [
        "expert_id"
      ],
      "feature_family": "state_like",
      "validation_mae": 0.03942757083001574,
      "validation_r2": -0.1964289088071285,
      "test_mae": 0.07022417780859783,
      "test_r2": -0.042635902689416305,
      "train_records": 704,
      "validation_records": 160,
      "test_records": 160
    },
    {
      "feature_names": [
        "layer_id",
        "expert_id"
      ],
      "feature_family": "state_like",
      "validation_mae": 0.03981956083551402,
      "validation_r2": -0.17923057819358235,
      "test_mae": 0.07236293251716103,
      "test_r2": -0.042806873132107404,
      "train_records": 704,
      "validation_records": 160,
      "test_records": 160
    },
    {
      "feature_names": [
        "effective_gate_weight",
        "routing_entropy",
        "topk_rank",
        "layer_id"
      ],
      "feature_family": "combined",
      "validation_mae": 0.04038124380710932,
      "validation_r2": -0.26803778718358284,
      "test_mae": 0.07821718886693524,
      "test_r2": -0.08691853081476864,
      "train_records": 704,
      "validation_records": 160,
      "test_records": 160
    },
    {
      "feature_names": [
        "effective_gate_weight"
      ],
      "feature_family": "routing_only",
      "validation_mae": 0.04060123061861311,
      "validation_r2": -0.2773444762153898,
      "test_mae": 0.07334174979844643,
      "test_r2": -0.021137355463831664,
      "train_records": 704,
      "validation_records": 160,
      "test_records": 160
    },
    {
      "feature_names": [
        "router_probability"
      ],
      "feature_family": "routing_only",
      "validation_mae": 0.04060123061861311,
      "validation_r2": -0.2773444762153898,
      "test_mae": 0.07334174979844643,
      "test_r2": -0.021137355463831664,
      "train_records": 704,
      "validation_records": 160,
      "test_records": 160
    },
    {
      "feature_names": [
        "effective_gate_weight",
        "topk_rank"
      ],
      "feature_family": "routing_only",
      "validation_mae": 0.040827074033915486,
      "validation_r2": -0.24123095025670183,
      "test_mae": 0.07506785894094029,
      "test_r2": -0.044546450264634885,
      "train_records": 704,
      "validation_records": 160,
      "test_records": 160
    },
    {
      "feature_names": [
        "router_probability",
        "topk_rank"
      ],
      "feature_family": "routing_only",
      "validation_mae": 0.040827074033915486,
      "validation_r2": -0.24123095025670183,
      "test_mae": 0.07506785894094029,
      "test_r2": -0.044546450264634885,
      "train_records": 704,
      "validation_records": 160,
      "test_records": 160
    },
    {
      "feature_names": [
        "effective_gate_weight",
        "top1_top2_gap",
        "routing_entropy"
      ],
      "feature_family": "routing_only",
      "validation_mae": 0.04105653049724135,
      "validation_r2": -0.49507382541649303,
      "test_mae": 0.078212468128695,
      "test_r2": -0.07942385194958024,
      "train_records": 704,
      "validation_records": 160,
      "test_records": 160
    },
    {
      "feature_names": [
        "router_probability",
        "top1_top2_gap",
        "routing_entropy"
      ],
      "feature_family": "routing_only",
      "validation_mae": 0.04105653049724135,
      "validation_r2": -0.49507382541649303,
      "test_mae": 0.078212468128695,
      "test_r2": -0.07942385194958024,