{
  "0->1": {
    "mean": -0.5936172950325848,
    "median": -0.7162277660168379,
    "spearman": -0.5936172950325848,
    "count": 32
  },
  "1->2": {
    "mean": -0.2610653922934206,
    "median": -0.3999999999999999,
    "spearman": -0.2610653922934206,
    "count": 32
  },
  "2->3": {
    "mean": -0.05947471996340396,
    "median": -0.19999999999999996,
    "spearman": -0.05947471996340396,
    "count": 32
  },
  "3->4": {
    "mean": -0.013301044928035785,
    "median": -0.05270462766947299,
    "spearman": -0.013301044928035785,
    "count": 32
  },
  "4->5": {
    "mean": 0.16296702211315187,
    "median": 0.15270462766947296,
    "spearman": 0.16296702211315187,
    "count": 32
  },
  "5->6": {
    "mean": 0.6235600404492845,
    "median": 0.7378647873726218,
    "spearman": 0.6235600404492845,
    "count": 32
  },
  "6->7": {
    "mean": 0.261776952623024,
    "median": 0.39444444444444443,
    "spearman": 0.261776952623024,
    "count": 32
  },
  "7->8": {
    "mean": 0.1737237201602086,
    "median": 0.31622776601683794,
    "spearman": 0.1737237201602086,
    "count": 32
  },
  "8->9": {
    "mean": 0.05096851655836186,
    "median": -0.027777777777777783,
    "spearman": 0.05096851655836186,
    "count": 32
  },
  "9->10": {
    "mean": -0.23037760816849,
    "median": -0.31622776601683794,
    "spearman": -0.23037760816849,
    "count": 32
  },
  "10->11": {
    "mean": 0.2580769976326218,
    "median": 0.31622776601683794,
    "spearman": 0.2580769976326218,
    "count": 32
  },
  "11->12": {
    "mean": -0.13337617477163302,
    "median": -0.09999999999999998,
    "spearman": -0.13337617477163302,
    "count": 32
  },
  "12->13": {
    "mean": -0.2748760200220941,
    "median": -0.3999999999999999,
    "spearman": -0.2748760200220941,
    "count": 32
  },
  "13->14": {
    "mean": -0.04963500244160718,
    "median": -0.20540925533894594,
    "spearman": -0.04963500244160718,
    "count": 32
  },
  "14->15": {
    "mean": 0.022921411047094414,
    "median": 0.0,
    "spearman": 0.022921411047094414,
    "count": 32
  }
}