{
  "0->1": {
    "mean": -0.3999999999999999,
    "median": -0.3999999999999999,
    "spearman": -0.3999999999999999,
    "count": 1
  },
  "1->2": {
    "mean": 0.19999999999999996,
    "median": 0.19999999999999996,
    "spearman": 0.19999999999999996,
    "count": 1
  },
  "2->3": {
    "mean": -0.3999999999999999,
    "median": -0.3999999999999999,
    "spearman": -0.3999999999999999,
    "count": 1
  },
  "3->4": {
    "mean": -0.3999999999999999,
    "median": -0.3999999999999999,
    "spearman": -0.3999999999999999,
    "count": 1
  },
  "4->5": {
    "mean": 0.7378647873726218,
    "median": 0.7378647873726218,
    "spearman": 0.7378647873726218,
    "count": 1
  },
  "5->6": {
    "mean": 0.5000000000000001,
    "median": 0.5000000000000001,
    "spearman": 0.5000000000000001,
    "count": 1
  },
  "6->7": {
    "mean": -0.31622776601683794,
    "median": -0.31622776601683794,
    "spearman": -0.31622776601683794,
    "count": 1
  },
  "7->8": {
    "mean": -0.7999999999999998,
    "median": -0.7999999999999998,
    "spearman": -0.7999999999999998,
    "count": 1
  },
  "8->9": {
    "mean": 0.19999999999999996,
    "median": 0.19999999999999996,
    "spearman": 0.19999999999999996,
    "count": 1
  },
  "9->10": {
    "mean": -0.6324555320336759,
    "median": -0.6324555320336759,
    "spearman": -0.6324555320336759,
    "count": 1
  },
  "10->11": {
    "mean": 0.5000000000000001,
    "median": 0.5000000000000001,
    "spearman": 0.5000000000000001,
    "count": 1
  },
  "11->12": {
    "mean": 1.0000000000000002,
    "median": 1.0000000000000002,
    "spearman": 1.0000000000000002,
    "count": 1
  },
  "12->13": {
    "mean": 0.31622776601683794,
    "median": 0.31622776601683794,
    "spearman": 0.31622776601683794,
    "count": 1
  },
  "13->14": {
    "mean": -0.9486832980505138,
    "median": -0.9486832980505138,
    "spearman": -0.9486832980505138,
    "count": 1
  },
  "14->15": {
    "mean": -0.8333333333333335,
    "median": -0.8333333333333335,
    "spearman": -0.8333333333333335,
    "count": 1
  }
}