{
  "0->1": {
    "prefetch_accuracy": {
      "mean": 0.5592105263157895,
      "median": 0.625,
      "std": 0.09396616353345855,
      "p25": 0.5,
      "p75": 0.625
    },
    "cosine_similarity": {
      "mean": 0.6670078164652774,
      "median": 0.7196223735809326,
      "std": 0.10354258914587205,
      "p25": 0.5742171108722687,
      "p75": 0.7425687909126282
    },
    "num_tokens": 19
  },
  "1->2": {
    "prefetch_accuracy": {
      "mean": 0.5921052631578947,
      "median": 0.625,
      "std": 0.176040633687627,
      "p25": 0.5,
      "p75": 0.6875
    },
    "cosine_similarity": {
      "mean": 0.751267461400283,
      "median": 0.7956617474555969,
      "std": 0.14553152292207855,
      "p25": 0.7241783440113068,
      "p75": 0.8441610336303711
    },
    "num_tokens": 19
  },
  "2->3": {
    "prefetch_accuracy": {
      "mean": 0.6907894736842105,
      "median": 0.75,
      "std": 0.1537279137572095,
      "p25": 0.625,
      "p75": 0.75
    },
    "cosine_similarity": {
      "mean": 0.8264464139938354,
      "median": 0.8136125802993774,
      "std": 0.07173434069600991,
      "p25": 0.7869378924369812,
      "p75": 0.839372456073761
    },
    "num_tokens": 19
  },
  "3->4": {
    "prefetch_accuracy": {
      "mean": 0.7171052631578947,
      "median": 0.75,
      "std": 0.16643566632465154,
      "p25": 0.5625,
      "p75": 0.875
    },
    "cosine_similarity": {
      "mean": 0.8558925986289978,
      "median": 0.8539101481437683,
      "std": 0.05880572889005606,
      "p25": 0.8327264189720154,
      "p75": 0.8662236928939819
    },
    "num_tokens": 19
  },
  "4->5": {
    "prefetch_accuracy": {
      "mean": 0.7697368421052632,
      "median": 0.75,
      "std": 0.14201995490080857,
      "p25": 0.75,
      "p75": 0.8125
    },
    "cosine_similarity": {
      "mean": 0.8215969251958948,
      "median": 0.8335713148117065,
      "std": 0.1286634145918346,
      "p25": 0.810223788022995,
      "p75": 0.864159107208252
    },
    "num_tokens": 19
  },
  "5->6": {
    "prefetch_accuracy": {
      "mean": 0.7763157894736842,
      "median": 0.75,
      "std": 0.13800116423291467,
      "p25": 0.75,
      "p75": 0.875
    },
    "cosine_similarity": {
      "mean": 0.8445029478324088,
      "median": 0.8350713849067688,
      "std": 0.0581157797974177,
      "p25": 0.8084599077701569,
      "p75": 0.8720445334911346
    },
    "num_tokens": 19
  },
  "6->7": {
    "prefetch_accuracy": {
      "mean": 0.8157894736842105,
      "median": 0.875,
      "std": 0.1023444025401582,
      "p25": 0.75,
      "p75": 0.875
    },
    "cosine_similarity": {
      "mean": 0.8565996446107563,
      "median": 0.8884252309799194,
      "std": 0.15989755102530742,
      "p25": 0.8668777048587799,
      "p75": 0.8985152542591095
    },
    "num_tokens": 19
  },
  "7->8": {
    "prefetch_accuracy": {
      "mean": 0.881578947368421,
      "median": 0.875,
      "std": 0.12482674974348866,
      "p25": 0.8125,
      "p75": 1.0
    },
    "cosine_similarity": {
      "mean": 0.8947176368612992,
      "median": 0.8926613330841064,
      "std": 0.04497935074774386,
      "p25": 0.8674092590808868,
      "p75": 0.9141398966312408
    },
    "num_tokens": 19
  },
  "8->9": {
    "prefetch_accuracy": {
      "mean": 0.9013157894736842,
      "median": 0.875,
      "std": 0.09579091959579629,
      "p25": 0.875,
      "p75": 1.0
    },
    "cosine_similarity": {
      "mean": 0.8961645051052696,
      "median": 0.9005009531974792,
      "std": 0.04231420866055022,
      "p25": 0.8574854731559753,
      "p75": 0.9211370348930359
    },
    "num_tokens": 19
  },
  "9->10": {
    "prefetch_accuracy": {
      "mean": 0.8881578947368421,
      "median": 0.875,
      "std": 0.10648956615946477,
      "p25": 0.75,
      "p75": 1.0
    },
    "cosine_similarity": {
      "mean": 0.8860901060857271,
      "median": 0.8718559145927429,
      "std": 0.04835536813822954,
      "p25": 0.8575167953968048,
      "p75": 0.9018750190734863
    },
    "num_tokens": 19
  },
  "10->11": {
    "prefetch_accuracy": {
      "mean": 0.8289473684210527,
      "median": 0.75,
      "std": 0.12959023423415927,
      "p25": 0.75,
      "p75": 1.0
    },
    "cosine_similarity": {
      "mean": 0.8934391140937805,
      "median": 0.8947669267654419,
      "std": 0.04067531060291817,
      "p25": 0.8647765815258026,
      "p75": 0.9184596240520477
    },
    "num_tokens": 19
  },
  "11->12": {
    "prefetch_accuracy": {
      "mean": 0.8486842105263158,
      "median": 0.875,
      "std": 0.09579091959579629,
      "p25": 0.75,
      "p75": 0.875
    },
    "cosine_similarity": {
      "mean": 0.9000816721665231,
      "median": 0.89175945520401,
      "std": 0.04161477378343841,
      "p25": 0.8727011978626251,
      "p75": 0.9270675182342529
    },
    "num_tokens": 19
  },
  "12->13": {
    "prefetch_accuracy": {
      "mean": 0.8486842105263158,
      "median": 0.875,
      "std": 0.09579091959579629,
      "p25": 0.75,
      "p75": 0.875
    },
    "cosine_similarity": {
      "mean": 0.8997051778592562,
      "median": 0.9028510451316833,
      "std": 0.03162755490576811,
      "p25": 0.8807685971260071,
      "p75": 0.9129658639431
    },
    "num_tokens": 19
  },
  "13->14": {
    "prefetch_accuracy": {
      "mean": 0.9013157894736842,
      "median": 0.875,
      "std": 0.0867822760412692,
      "p25": 0.875,
      "p75": 1.0
    },
    "cosine_similarity": {
      "mean": 0.9087020723443282,
      "median": 0.9077250957489014,
      "std": 0.03280921536025048,
      "p25": 0.8914236128330231,
      "p75": 0.9186019599437714
    },
    "num_tokens": 19
  },
  "14->15": {
    "prefetch_accuracy": {
      "mean": 0.7960526315789473,
      "median": 0.875,
      "std": 0.222908872974966,
      "p25": 0.75,
      "p75": 0.875
    },
    "cosine_similarity": {
      "mean": 0.898148702947717,
      "median": 0.8957274556159973,
      "std": 0.03886369766037575,
      "p25": 0.8679154515266418,
      "p75": 0.9193519651889801
    },
    "num_tokens": 19
  }
}