{
  "1": {
    "hit_rate": {
      "mean": 0.11760777170613236,
      "median": 0.125,
      "std": 0.10742578980879126,
      "p25": 0.0,
      "p75": 0.125
    },
    "weighted_hit_rate": {
      "mean": 0.04928583406472017,
      "median": 0.039509003050625324,
      "std": 0.0528395704462261,
      "p25": 0.0,
      "p75": 0.0774293108843267
    },
    "num_tokens": 8235
  },
  "2": {
    "hit_rate": {
      "mean": 0.13178181108508977,
      "median": 0.125,
      "std": 0.11500835656046575,
      "p25": 0.0,
      "p75": 0.25
    },
    "weighted_hit_rate": {
      "mean": 0.05505711921409423,
      "median": 0.04678812064230442,
      "std": 0.05601927572712616,
      "p25": 0.0,
      "p75": 0.08355356147512794
    },
    "num_tokens": 7686
  },
  "3": {
    "hit_rate": {
      "mean": 0.13268880481995235,
      "median": 0.125,
      "std": 0.10961225036565712,
      "p25": 0.0,
      "p75": 0.25
    },
    "weighted_hit_rate": {
      "mean": 0.054747588142449385,
      "median": 0.047100894153118134,
      "std": 0.0517183589341365,
      "p25": 0,
      "p75": 0.08365831710398197
    },
    "num_tokens": 7137
  },
  "4": {
    "hit_rate": {
      "mean": 0.12526563448694597,
      "median": 0.125,
      "std": 0.107846767166047,
      "p25": 0.0,
      "p75": 0.25
    },
    "weighted_hit_rate": {
      "mean": 0.055054628545296524,
      "median": 0.045639531686902046,
      "std": 0.05738229935099836,
      "p25": 0.0,
      "p75": 0.08148492779582739
    },
    "num_tokens": 6588
  },
  "5": {
    "hit_rate": {
      "mean": 0.1298849147209803,
      "median": 0.125,
      "std": 0.10812794931027417,
      "p25": 0.0,
      "p75": 0.25
    },
    "weighted_hit_rate": {
      "mean": 0.0547431155445383,
      "median": 0.047359151765704155,
      "std": 0.05613122829964353,
      "p25": 0.0,
      "p75": 0.08072086703032255
    },
    "num_tokens": 6039
  },
  "6": {
    "hit_rate": {
      "mean": 0.14043715846994537,
      "median": 0.125,
      "std": 0.11659185799826911,
      "p25": 0.0,
      "p75": 0.25
    },
    "weighted_hit_rate": {
      "mean": 0.06486308267857466,
      "median": 0.04956054221838713,
      "std": 0.07921399165346257,
      "p25": 0.0,
      "p75": 0.0892935914453119
    },
    "num_tokens": 5490
  },
  "7": {
    "hit_rate": {
      "mean": 0.12057275855090063,
      "median": 0.125,
      "std": 0.1086184693637593,
      "p25": 0.0,
      "p75": 0.125
    },
    "weighted_hit_rate": {
      "mean": 0.04909155055152226,
      "median": 0.04288513585925102,
      "std": 0.05011342360642685,
      "p25": 0,
      "p75": 0.07578089460730553
    },
    "num_tokens": 4941
  },
  "8": {
    "hit_rate": {
      "mean": 0.13316826047358835,
      "median": 0.125,
      "std": 0.11295328500621556,
      "p25": 0.0,
      "p75": 0.25
    },
    "weighted_hit_rate": {
      "mean": 0.058874691785166876,
      "median": 0.04671088419854641,
      "std": 0.06366663030887101,
      "p25": 0.0,
      "p75": 0.08828106452710927
    },
    "num_tokens": 4392
  },
  "9": {
    "hit_rate": {
      "mean": 0.12168227946916471,
      "median": 0.125,
      "std": 0.10961628371166933,
      "p25": 0.0,
      "p75": 0.25
    },
    "weighted_hit_rate": {
      "mean": 0.053906429373479135,
      "median": 0.0446687676012516,
      "std": 0.06043113711228441,
      "p25": 0.0,
      "p75": 0.08401686977595091
    },
    "num_tokens": 3843
  },
  "10": {
    "hit_rate": {
      "mean": 0.1364602307225258,
      "median": 0.125,
      "std": 0.11566362506069543,
      "p25": 0.0,
      "p75": 0.25
    },
    "weighted_hit_rate": {
      "mean": 0.06363247608699235,
      "median": 0.050559846218675375,
      "std": 0.06508073244841316,
      "p25": 0.0,
      "p75": 0.09554174821823835
    },
    "num_tokens": 3294
  },
  "11": {
    "hit_rate": {
      "mean": 0.1285063752276867,
      "median": 0.125,
      "std": 0.11105861879283616,
      "p25": 0.0,
      "p75": 0.25
    },
    "weighted_hit_rate": {
      "mean": 0.052517005933011,
      "median": 0.046079643070697784,
      "std": 0.049892226265019345,
      "p25": 0,
      "p75": 0.08236303925514221
    },
    "num_tokens": 2745
  },
  "12": {
    "hit_rate": {
      "mean": 0.14048269581056466,
      "median": 0.125,
      "std": 0.11292766988601062,
      "p25": 0.0,
      "p75": 0.25
    },
    "weighted_hit_rate": {
      "mean": 0.06370094134999255,
      "median": 0.05414483416825533,
      "std": 0.05980661519815364,
      "p25": 0.0,
      "p75": 0.0941335647366941
    },
    "num_tokens": 2196
  },
  "13": {
    "hit_rate": {
      "mean": 0.10526715239829994,
      "median": 0.125,
      "std": 0.0995662495057762,
      "p25": 0.0,
      "p75": 0.125
    },
    "weighted_hit_rate": {
      "mean": 0.043272957030265874,
      "median": 0.03684250544756651,
      "std": 0.04615412262626107,
      "p25": 0.0,
      "p75": 0.06630130251869559
    },
    "num_tokens": 1647
  },
  "14": {
    "hit_rate": {
      "mean": 0.11327413479052824,
      "median": 0.125,
      "std": 0.11045486548420136,
      "p25": 0.0,
      "p75": 0.125
    },
    "weighted_hit_rate": {
      "mean": 0.04690146259454593,
      "median": 0.038142464123666286,
      "std": 0.050698691823247426,
      "p25": 0.0,
      "p75": 0.07307846937328577
    },
    "num_tokens": 1098
  },
  "15": {
    "hit_rate": {
      "mean": 0.1081511839708561,
      "median": 0.125,
      "std": 0.10562847262465341,
      "p25": 0.0,
      "p75": 0.125
    },
    "weighted_hit_rate": {
      "mean": 0.048663480562719436,
      "median": 0.042369142174720764,
      "std": 0.052708661660791974,
      "p25": 0,
      "p75": 0.07474488765001297
    },
    "num_tokens": 549
  }
}