{
  "baseline": "greedy_lpt",
  "fast_selection_rule": "best makespan among candidates with solve_time_ms <= 5.0, else global best",
  "fast_candidates": [
    "lookahead_lpt",
    "cp_lpt",
    "birkhoff",
    "iterated_greedy",
    "cp_local_swap"
  ],
  "oracle_perfect": "cp_sat_true_next_dispatch",
  "oracle_predicted": "cp_sat_predicted_next_dispatch",
  "summary": {
    "pair_count": 7500,
    "fast_improvement_pct": {
      "mean": 9.289913275554504,
      "median": 9.689922480620156,
      "std": 9.49616670974533,
      "p25": 3.0384650651017786,
      "p75": 16.47509578544061
    },
    "lookahead_lpt_improvement_pct": {
      "mean": -4.4895658247703105,
      "median": -4.2257742257742255,
      "std": 8.37933759419609,
      "p25": -9.44206008583691,
      "p75": 1.5267175572519083
    },
    "cp_lpt_improvement_pct": {
      "mean": -1.5948650353985094,
      "median": -0.525024804321464,
      "std": 10.193984676533004,
      "p25": -8.695652173913043,
      "p75": 6.0
    },
    "birkhoff_improvement_pct": {
      "mean": 1.4488810195321509,
      "median": 1.1079766139253446,
      "std": 11.51865113444484,
      "p25": -6.015037593984962,
      "p75": 9.254498714652955
    },
    "iterated_greedy_improvement_pct": {
      "mean": 29.059431696567852,
      "median": 29.243044189852704,
      "std": 5.88036964004497,
      "p25": 25.818181818181817,
      "p75": 33.46774193548387
    },
    "cp_local_swap_improvement_pct": {
      "mean": 6.848452716082838,
      "median": 7.720849020570743,
      "std": 9.949571921760127,
      "p25": 0.4149377593360996,
      "p75": 13.91941391941392
    },
    "perfect_improvement_pct": {
      "mean": 34.28884065225775,
      "median": 34.61538461538461,
      "std": 5.170000332572524,
      "p25": 31.016042780748666,
      "p75": 38.114754098360656
    },
    "predicted_improvement_pct": {
      "mean": 34.332099146668114,
      "median": 34.757329874517374,
      "std": 5.161183974570309,
      "p25": 31.01851851851852,
      "p75": 38.07692307692307
    },
    "oracle_prediction_gap_pct": {
      "mean": -0.04325849441037178,
      "median": 0.0,
      "std": 1.2987253789161428,
      "p25": -0.8298755186722033,
      "p75": 0.7380073800738032
    },
    "traffic_correlation": {
      "mean": 0.727953744925804,
      "median": 0.8075065299192075,
      "std": 0.23741403705842673,
      "p25": 0.6517202603822486,
      "p75": 0.8814339730319352
    },
    "greedy_latency_ms": {
      "mean": 0.028238646189371743,
      "median": 0.021219253540039062,
      "std": 0.02307074268404005,
      "p25": 0.018835067749023438,
      "p75": 0.022649765014648438
    },
    "fast_latency_ms": {
      "mean": 1.1262371242046356,
      "median": 0.9192004799842834,
      "std": 1.0252778031533492,
      "p25": 0.18037110567092896,
      "p75": 1.6412921249866486
    },
    "lookahead_lpt_latency_ms": {
      "mean": 0.098676331837972,
      "median": 0.07354095578193665,
      "std": 0.08205865444782764,
      "p25": 0.06481260061264038,
      "p75": 0.07852911949157715
    },
    "cp_lpt_latency_ms": {
      "mean": 0.11168132921059927,
      "median": 0.08437782526016235,
      "std": 0.10141152038653255,
      "p25": 0.07428228855133057,
      "p75": 0.09008683264255524
    },
    "birkhoff_latency_ms": {
      "mean": 0.2510441094636917,
      "median": 0.16504153609275818,
      "std": 0.26900645814725554,
      "p25": 0.14941953122615814,
      "p75": 0.1848377287387848
    },
    "iterated_greedy_latency_ms": {
      "mean": 14.081805908679963,
      "median": 11.051662266254425,
      "std": 9.802631441360646,
      "p25": 9.936850517988205,
      "p75": 11.772915720939636
    },
    "cp_local_swap_latency_ms": {
      "mean": 1.767949604988098,
      "median": 1.2376941740512848,
      "std": 1.5256670563142911,
      "p25": 0.913543626666069,
      "p75": 2.126706764101982
    },
    "oracle_perfect_latency_ms": {
      "mean": 14.506649748484294,
      "median": 0.012159347534179688,
      "std": 50.76053771664794,
      "p25": 0.011205673217773438,
      "p75": 0.013589859008789062
    },
    "oracle_predicted_latency_ms": {
      "mean": 14.78986577987671,
      "median": 0.010013580322265625,
      "std": 51.188296164749,
      "p25": 0.009298324584960938,
      "p75": 0.010967254638671875
    },
    "predicted_improvement_vs_traffic_correlation": -0.035385084927738404,
    "gate2_decision": {
      "decision": "PASS",
      "mean_perfect_improvement_pct": 34.28884065225775,
      "mean_predicted_improvement_pct": 34.332099146668114,
      "reason": "Oracle-perfect >= 15% and Oracle-predicted >= 10%",
      "thresholds": {
        "oracle_perfect_mean_improvement_pct": 15.0,
        "oracle_predicted_mean_improvement_pct": 10.0
      },
      "passed": true
    }
  }
}