{
  "0->1": {
    "mean": -0.5451239920869653,
    "median": -0.6324555320336759,
    "spearman": -0.5451239920869653,
    "count": 500
  },
  "1->2": {
    "mean": -0.1752429028584002,
    "median": -0.31622776601683794,
    "spearman": -0.1752429028584002,
    "count": 500
  },
  "2->3": {
    "mean": -0.055414710135905015,
    "median": -0.19999999999999996,
    "spearman": -0.055414710135905015,
    "count": 500
  },
  "3->4": {
    "mean": -0.03776407396597487,
    "median": -0.10540925533894598,
    "spearman": -0.03776407396597487,
    "count": 500
  },
  "4->5": {
    "mean": 0.006836970735491788,
    "median": 0.0,
    "spearman": 0.006836970735491788,
    "count": 500
  },
  "5->6": {
    "mean": 0.4614291041856671,
    "median": 0.4472135954999579,
    "spearman": 0.4614291041856671,
    "count": 500
  },
  "6->7": {
    "mean": 0.2606419526510901,
    "median": 0.39444444444444443,
    "spearman": 0.2606419526510901,
    "count": 500
  },
  "7->8": {
    "mean": 0.16846956415886258,
    "median": 0.31622776601683794,
    "spearman": 0.16846956415886258,
    "count": 500
  },
  "8->9": {
    "mean": -0.037167954935168106,
    "median": -0.15270462766947296,
    "spearman": -0.037167954935168106,
    "count": 500
  },
  "9->10": {
    "mean": -0.18247702907527769,
    "median": -0.31622776601683794,
    "spearman": -0.18247702907527769,
    "count": 500
  },
  "10->11": {
    "mean": 0.20676266103555063,
    "median": 0.26352313834736496,
    "spearman": 0.20676266103555063,
    "count": 500
  },
  "11->12": {
    "mean": -0.13563465755971546,
    "median": 0.0,
    "spearman": -0.13563465755971546,
    "count": 500
  },
  "12->13": {
    "mean": -0.2372023789424686,
    "median": -0.35811388300841895,
    "spearman": -0.2372023789424686,
    "count": 500
  },
  "13->14": {
    "mean": -0.051352918976038435,
    "median": -0.15270462766947296,
    "spearman": -0.051352918976038435,
    "count": 500
  },
  "14->15": {
    "mean": 0.05368725765090446,
    "median": 0.09999999999999998,
    "spearman": 0.05368725765090446,
    "count": 500
  }
}