{
  "0->1": {
    "prefetch_accuracy": {
      "mean": 0.43628048780487805,
      "median": 0.5,
      "std": 0.17400205173939226,
      "p25": 0.25,
      "p75": 0.5
    },
    "cosine_similarity": {
      "mean": 0.6591449656501049,
      "median": 0.6935594379901886,
      "std": 0.1305095381957622,
      "p25": 0.5454976558685303,
      "p75": 0.752232551574707
    },
    "num_tokens": 8200
  },
  "1->2": {
    "prefetch_accuracy": {
      "mean": 0.5692073170731707,
      "median": 0.625,
      "std": 0.17562166499254334,
      "p25": 0.375,
      "p75": 0.75
    },
    "cosine_similarity": {
      "mean": 0.739977789797434,
      "median": 0.7780106067657471,
      "std": 0.14260176517345868,
      "p25": 0.6876633912324905,
      "p75": 0.8342279642820358
    },
    "num_tokens": 8200
  },
  "2->3": {
    "prefetch_accuracy": {
      "mean": 0.7157012195121951,
      "median": 0.75,
      "std": 0.11980533905801308,
      "p25": 0.625,
      "p75": 0.75
    },
    "cosine_similarity": {
      "mean": 0.8127793762742019,
      "median": 0.8075858354568481,
      "std": 0.08360938358275066,
      "p25": 0.7645514756441116,
      "p75": 0.8525329679250717
    },
    "num_tokens": 8200
  },
  "3->4": {
    "prefetch_accuracy": {
      "mean": 0.7271341463414634,
      "median": 0.75,
      "std": 0.14026875442582964,
      "p25": 0.625,
      "p75": 0.875
    },
    "cosine_similarity": {
      "mean": 0.8543730013981098,
      "median": 0.8474322855472565,
      "std": 0.06615840278164219,
      "p25": 0.8096064776182175,
      "p75": 0.8842571824789047
    },
    "num_tokens": 8200
  },
  "4->5": {
    "prefetch_accuracy": {
      "mean": 0.7681402439024391,
      "median": 0.75,
      "std": 0.1404838714462478,
      "p25": 0.75,
      "p75": 0.875
    },
    "cosine_similarity": {
      "mean": 0.8262368265630269,
      "median": 0.8368550539016724,
      "std": 0.1186268959148767,
      "p25": 0.7916401475667953,
      "p75": 0.8852787613868713
    },
    "num_tokens": 8200
  },
  "5->6": {
    "prefetch_accuracy": {
      "mean": 0.8048780487804879,
      "median": 0.875,
      "std": 0.13510604599530485,
      "p25": 0.75,
      "p75": 0.875
    },
    "cosine_similarity": {
      "mean": 0.869898604038285,
      "median": 0.86392742395401,
      "std": 0.05415959314645572,
      "p25": 0.8362157642841339,
      "p75": 0.8951344937086105
    },
    "num_tokens": 8200
  },
  "6->7": {
    "prefetch_accuracy": {
      "mean": 0.8396341463414634,
      "median": 0.875,
      "std": 0.11011712303382647,
      "p25": 0.75,
      "p75": 0.875
    },
    "cosine_similarity": {
      "mean": 0.8631919337300266,
      "median": 0.8826912045478821,
      "std": 0.12366295153274681,
      "p25": 0.8550436943769455,
      "p75": 0.906462162733078
    },
    "num_tokens": 8200
  },
  "7->8": {
    "prefetch_accuracy": {
      "mean": 0.8736280487804878,
      "median": 0.875,
      "std": 0.09847360395903335,
      "p25": 0.875,
      "p75": 1.0
    },
    "cosine_similarity": {
      "mean": 0.8939293771982193,
      "median": 0.8905462324619293,
      "std": 0.04571374901317571,
      "p25": 0.8617047816514969,
      "p75": 0.9219311326742172
    },
    "num_tokens": 8200
  },
  "8->9": {
    "prefetch_accuracy": {
      "mean": 0.8836890243902439,
      "median": 0.875,
      "std": 0.0871987196511754,
      "p25": 0.875,
      "p75": 1.0
    },
    "cosine_similarity": {
      "mean": 0.9020282116605014,
      "median": 0.899766355752945,
      "std": 0.04584326124887605,
      "p25": 0.87029829621315,
      "p75": 0.9323585778474808
    },
    "num_tokens": 8200
  },
  "9->10": {
    "prefetch_accuracy": {
      "mean": 0.8721036585365853,
      "median": 0.875,
      "std": 0.10697473025646935,
      "p25": 0.75,
      "p75": 1.0
    },
    "cosine_similarity": {
      "mean": 0.9054521419653079,
      "median": 0.9065916538238525,
      "std": 0.0423276562732267,
      "p25": 0.8764675408601761,
      "p75": 0.9299334734678268
    },
    "num_tokens": 8200
  },
  "10->11": {
    "prefetch_accuracy": {
      "mean": 0.8057926829268293,
      "median": 0.875,
      "std": 0.11570955415206731,
      "p25": 0.75,
      "p75": 0.875
    },
    "cosine_similarity": {
      "mean": 0.8845671303388549,
      "median": 0.8872731328010559,
      "std": 0.04954492949328578,
      "p25": 0.8534497916698456,
      "p75": 0.914449080824852
    },
    "num_tokens": 8200
  },
  "11->12": {
    "prefetch_accuracy": {
      "mean": 0.8466463414634147,
      "median": 0.875,
      "std": 0.10066563488892681,
      "p25": 0.75,
      "p75": 0.875
    },
    "cosine_similarity": {
      "mean": 0.8988970594435204,
      "median": 0.897292971611023,
      "std": 0.04350436024737643,
      "p25": 0.871017724275589,
      "p75": 0.926134467124939
    },
    "num_tokens": 8200
  },
  "12->13": {
    "prefetch_accuracy": {
      "mean": 0.8559451219512195,
      "median": 0.875,
      "std": 0.1004890027382429,
      "p25": 0.75,
      "p75": 0.875
    },
    "cosine_similarity": {
      "mean": 0.8873895382008902,
      "median": 0.8893951773643494,
      "std": 0.05064496756671786,
      "p25": 0.8627729117870331,
      "p75": 0.915252760052681
    },
    "num_tokens": 8200
  },
  "13->14": {
    "prefetch_accuracy": {
      "mean": 0.8730182926829269,
      "median": 0.875,
      "std": 0.09309158043724781,
      "p25": 0.875,
      "p75": 0.875
    },
    "cosine_similarity": {
      "mean": 0.9142003308709075,
      "median": 0.9203432202339172,
      "std": 0.04761467134122857,
      "p25": 0.8903711587190628,
      "p75": 0.9448780119419098
    },
    "num_tokens": 8200
  },
  "14->15": {
    "prefetch_accuracy": {
      "mean": 0.7774390243902439,
      "median": 0.875,
      "std": 0.228015355578382,
      "p25": 0.75,
      "p75": 0.875
    },
    "cosine_similarity": {
      "mean": 0.9040577979349509,
      "median": 0.9026326537132263,
      "std": 0.03997593515163324,
      "p25": 0.8795167058706284,
      "p75": 0.9263309985399246
    },
    "num_tokens": 8200
  }
}