{
  "trace_schema_version": 2,
  "trace_kind": "full_sequence_router_logit_observational",
  "request_id": "smoke-0",
  "sample_id": "smoke-0",
  "moe_layer_count": 16,
  "moe_layer_ids": [
    0,
    1,
    2,
    3,
    4,
    5,
    6,
    7,
    8,
    9,
    10,
    11,
    12,
    13,
    14,
    15
  ],
  "topk": 8,
  "token_count": 19,
  "record_count": 2432,
  "per_expert_token_count": {
    "5": 34,
    "14": 66,
    "61": 36,
    "18": 63,
    "6": 48,
    "38": 35,
    "19": 42,
    "41": 35,
    "39": 19,
    "15": 60,
    "8": 22,
    "46": 40,
    "49": 52,
    "60": 41,
    "22": 54,
    "55": 39,
    "13": 43,
    "26": 33,
    "51": 27,
    "30": 38,
    "44": 39,
    "16": 34,
    "63": 48,
    "31": 33,
    "56": 35,
    "48": 66,
    "45": 45,
    "7": 36,
    "32": 41,
    "4": 18,
    "24": 32,
    "54": 40,
    "23": 45,
    "12": 41,
    "36": 37,
    "59": 38,
    "40": 38,
    "20": 27,
    "53": 38,
    "47": 37,
    "62": 35,
    "2": 32,
    "0": 47,
    "33": 39,
    "10": 33,
    "27": 42,
    "11": 35,
    "9": 25,
    "37": 46,
    "35": 59,
    "3": 22,
    "29": 30,
    "52": 37,
    "57": 36,
    "17": 29,
    "21": 27,
    "50": 28,
    "42": 23,
    "34": 51,
    "1": 38,
    "25": 23,
    "43": 36,
    "58": 34,
    "28": 30
  },
  "routing_weight_summary": {
    "min": 0.0021258965134620667,
    "max": 0.8590964078903198,
    "mean": 0.053382703125048704,
    "std": 0.046789336793567095
  }
}