{
  "layer_path": "model.layers.0.mlp",
  "layer_id": 0,
  "token_pos": 13,
  "target_token_id": 285,
  "target_token_text": " and",
  "next_token_id": 3276,
  "next_token_text": " temperature",
  "router_logits": [
    -2.20703125,
    -0.92724609375,
    -0.56103515625,
    -0.615234375,
    -1.095703125,
    -0.8837890625,
    0.734375,
    -0.0386962890625,
    -0.66943359375,
    -1.4853515625,
    -0.7255859375,
    -1.2744140625,
    -4.4609375,
    -0.92431640625,
    -0.583984375,
    -0.84130859375,
    -1.279296875,
    -0.5224609375,
    -1.5888671875,
    -0.32275390625,
    -2.9453125,
    -1.0205078125,
    0.95458984375,
    -0.6142578125,
    -0.71630859375,
    -0.65576171875,
    -1.16015625,
    -0.65283203125,
    -3.400390625,
    -0.7021484375,
    -0.74462890625,
    -0.95556640625,
    -0.673828125,
    -1.3603515625,
    -1.4853515625,
    -0.9248046875,
    -1.51171875,
    -0.484375,
    -0.60009765625,
    -0.027069091796875,
    -1.40625,
    -2.830078125,
    0.001529693603515625,
    0.041534423828125,
    0.2249755859375,
    -0.7080078125,
    -0.51806640625,
    -1.0712890625,
    -1.09375,
    -0.73876953125,
    -0.3544921875,
    -1.4013671875,
    -0.7314453125,
    -0.7978515625,
    -0.8212890625,
    -1.0244140625,
    -1.0078125,
    0.259765625,
    -3.09375,
    -0.12939453125,
    0.10467529296875,
    -1.1826171875,
    0.46044921875,
    -0.06512451171875
  ],
  "router_probabilities": [
    0.0030832630582153797,
    0.011087004095315933,
    0.01599033549427986,
    0.015146739780902863,
    0.00936815794557333,
    0.01157943531870842,
    0.058404602110385895,
    0.026959167793393135,
    0.014347649179399014,
    0.006345006637275219,
    0.013564198277890682,
    0.007835038006305695,
    0.00032370659755542874,
    0.011119533330202103,
    0.015627549961209297,
    0.01208193227648735,
    0.007796873338520527,
    0.016619201749563217,
    0.005721050780266523,
    0.020292794331908226,
    0.0014735982986167073,
    0.010099763050675392,
    0.07279225438833237,
    0.015161539427936077,
    0.01369062252342701,
    0.014545155689120293,
    0.008783399127423763,
    0.014587830752134323,
    0.00093484838725999,
    0.013885862194001675,
    0.01330833975225687,
    0.010777421295642853,
    0.014284736476838589,
    0.007189834490418434,
    0.006345006637275219,
    0.011114105582237244,
    0.006179892923682928,
    0.017264368012547493,
    0.015377756208181381,
    0.02727445587515831,
    0.006867290940135717,
    0.001653578132390976,
    0.02806573361158371,
    0.02921125665307045,
    0.03509277477860451,
    0.013804738409817219,
    0.016692396253347397,
    0.009599688462913036,
    0.009386474266648293,
    0.013386545702815056,
    0.019658848643302917,
    0.006900905165821314,
    0.013484952971339226,
    0.012618552893400192,
    0.01232624426484108,
    0.010060387663543224,
    0.010228799656033516,
    0.036335140466690063,
    0.001270321081392467,
    0.02462162636220455,
    0.031115155667066574,
    0.008588314987719059,
    0.044410187751054764,
    0.0262560173869133
  ],
  "selected_expert_ids": [
    22,
    6,
    62,
    57,
    44,
    60,
    43,
    42
  ],
  "effective_gate_weights": [
    0.07279225438833237,
    0.058404602110385895,
    0.044410187751054764,
    0.036335140466690063,
    0.03509277477860451,
    0.031115155667066574,
    0.02921125665307045,
    0.02806573361158371
  ],
  "topk_ranks": [
    0,
    1,
    2,
    3,
    4,
    5,
    6,
    7
  ],
  "top1_top2_gap": 0.014387652277946472,
  "routing_entropy": 3.893571376800537,
  "sample_id": "layer_0_sample_032",
  "microbatch_id": null,
  "sequence_length": 15,
  "all_expert_count": 64,
  "selected_destination_ids": [
    22,
    6,
    62,
    57,
    44,
    60,
    43,
    42
  ],
  "expert_to_destination_map": {},
  "layer_name": "model.layers.0.mlp",
  "run_id": null,
  "mode": "real",
  "all_token_selected_expert_ids": [
    [
      16,
      57,
      61,
      17,
      33,
      59,
      21,
      9
    ],
    [
      16,
      6,
      63,
      38,
      39,
      8,
      17,
      52
    ],
    [
      5,
      6,
      41,
      18,
      38,
      16,
      9,
      8
    ],
    [
      6,
      5,
      22,
      30,
      63,
      36,
      60,
      37
    ],
    [
      36,
      6,
      41,
      40,
      20,
      21,
      53,
      9
    ],
    [
      59,
      50,
      44,
      6,
      41,
      51,
      24,
      46
    ],
    [
      10,
      60,
      41,
      6,
      44,
      22,
      9,
      51
    ],
    [
      59,
      41,
      6,
      9,
      51,
      37,
      11,
      58
    ],
    [
      50,
      41,
      6,
      46,
      44,
      9,
      38,
      19
    ],
    [
      22,
      10,
      6,
      57,
      9,
      49,
      60,
      24
    ],
    [
      49,
      9,
      41,
      6,
      13,
      58,
      20,
      0
    ],
    [
      10,
      41,
      9,
      6,
      30,
      37,
      51,
      58
    ],
    [
      59,
      41,
      9,
      6,
      58,
      34,
      30,
      51
    ],
    [
      22,
      6,
      62,
      57,
      44,
      60,
      43,
      42
    ],
    [
      2,
      41,
      6,
      20,
      9,
      51,
      54,
      19
    ]
  ]
}