{
  "layer_path": "model.layers.0.mlp",
  "layer_id": 0,
  "token_pos": 16,
  "target_token_id": 5662,
  "target_token_text": " older",
  "next_token_id": 19440,
  "next_token_text": " precedent",
  "router_logits": [
    -0.23779296875,
    -0.65771484375,
    1.98046875,
    -0.6904296875,
    -1.1513671875,
    -1.6162109375,
    0.38330078125,
    -1.0244140625,
    -0.59765625,
    -2.576171875,
    0.1517333984375,
    -1.2880859375,
    -0.1090087890625,
    -0.70556640625,
    -0.638671875,
    -0.282470703125,
    -1.5576171875,
    -1.0830078125,
    -0.935546875,
    -0.6513671875,
    -0.385986328125,
    -0.9716796875,
    -0.66455078125,
    -0.68017578125,
    -0.591796875,
    -0.62451171875,
    -0.89892578125,
    -0.41259765625,
    -0.7998046875,
    -0.52734375,
    -0.701171875,
    -1.103515625,
    -0.61083984375,
    -1.158203125,
    -1.0224609375,
    -0.56396484375,
    -0.348876953125,
    -0.31201171875,
    -0.765625,
    -1.001953125,
    -0.46923828125,
    0.8798828125,
    -0.92724609375,
    -1.1474609375,
    -0.63671875,
    -0.73583984375,
    -0.818359375,
    -0.490966796875,
    -0.54345703125,
    -0.5673828125,
    -0.669921875,
    1.2744140625,
    -0.44482421875,
    -0.52587890625,
    -0.2344970703125,
    -1.0322265625,
    -0.81005859375,
    -0.97705078125,
    -3.673828125,
    -0.650390625,
    -0.595703125,
    -0.76513671875,
    -0.71826171875,
    -0.58056640625
  ],
  "router_probabilities": [
    0.01767100766301155,
    0.01161158736795187,
    0.16242024302482605,
    0.011237861588597298,
    0.007087630685418844,
    0.004452685359865427,
    0.03288508206605911,
    0.008047038689255714,
    0.012330329976975918,
    0.0017049682792276144,
    0.026087380945682526,
    0.006181941833347082,
    0.020099792629480362,
    0.0110690388828516,
    0.0118348253890872,
    0.016898883506655693,
    0.004721379838883877,
    0.007589081302285194,
    0.008794895373284817,
    0.011685526929795742,
    0.015237080864608288,
    0.00848278310149908,
    0.011532481759786606,
    0.011353686451911926,
    0.012402789667248726,
    0.012003599666059017,
    0.009122943505644798,
    0.014836949296295643,
    0.010073554702103138,
    0.013228513300418854,
    0.011117789894342422,
    0.0074350303038954735,
    0.012168838642537594,
    0.007039345800876617,
    0.008062771521508694,
    0.012752832844853401,
    0.01581314206123352,
    0.01640697568655014,
    0.010423816740512848,
    0.00822982843965292,
    0.014019932597875595,
    0.05403333529829979,
    0.0088682034984231,
    0.007115371059626341,
    0.011857963167130947,
    0.010738962329924107,
    0.009888365864753723,
    0.01371858548372984,
    0.01301706675440073,
    0.012709319591522217,
    0.011470706202089787,
    0.08016864210367203,
    0.01436642836779356,
    0.013247905299067497,
    0.017729347571730614,
    0.00798441655933857,
    0.009970788843929768,
    0.008437343873083591,
    0.0005688663222827017,
    0.011696944944560528,
    0.012354436330497265,
    0.01042890828102827,
    0.010929401963949203,
    0.012542864307761192
  ],
  "selected_expert_ids": [
    2,
    51,
    41,
    6,
    10,
    12,
    54,
    0
  ],
  "effective_gate_weights": [
    0.16242024302482605,
    0.08016864210367203,
    0.05403333529829979,
    0.03288508206605911,
    0.026087380945682526,
    0.020099792629480362,
    0.017729347571730614,
    0.01767100766301155
  ],
  "topk_ranks": [
    0,
    1,
    2,
    3,
    4,
    5,
    6,
    7
  ],
  "top1_top2_gap": 0.08225160092115402,
  "routing_entropy": 3.7318124771118164,
  "sample_id": "layer_0_sample_031",
  "microbatch_id": null,
  "sequence_length": 18,
  "all_expert_count": 64,
  "selected_destination_ids": [
    2,
    51,
    41,
    6,
    10,
    12,
    54,
    0
  ],
  "expert_to_destination_map": {},
  "layer_name": "model.layers.0.mlp",
  "run_id": null,
  "mode": "real",
  "all_token_selected_expert_ids": [
    [
      14,
      4,
      32,
      5,
      17,
      3,
      11,
      61
    ],
    [
      14,
      3,
      4,
      32,
      17,
      6,
      52,
      11
    ],
    [
      44,
      50,
      51,
      6,
      17,
      11,
      24,
      60
    ],
    [
      51,
      22,
      30,
      57,
      6,
      24,
      50,
      44
    ],
    [
      59,
      6,
      57,
      49,
      39,
      48,
      51,
      43
    ],
    [
      37,
      38,
      6,
      57,
      27,
      53,
      3,
      14
    ],
    [
      5,
      18,
      41,
      6,
      12,
      13,
      51,
      61
    ],
    [
      22,
      6,
      51,
      60,
      5,
      30,
      57,
      55
    ],
    [
      6,
      48,
      43,
      35,
      7,
      51,
      16,
      57
    ],
    [
      31,
      41,
      33,
      51,
      6,
      4,
      12,
      56
    ],
    [
      59,
      6,
      8,
      46,
      51,
      57,
      50,
      43
    ],
    [
      26,
      51,
      41,
      6,
      12,
      13,
      33,
      54
    ],
    [
      46,
      8,
      6,
      44,
      26,
      32,
      7,
      43
    ],
    [
      55,
      18,
      41,
      13,
      6,
      51,
      26,
      28
    ],
    [
      49,
      41,
      50,
      14,
      6,
      61,
      51,
      16
    ],
    [
      10,
      22,
      6,
      62,
      49,
      14,
      57,
      24
    ],
    [
      2,
      51,
      41,
      6,
      10,
      12,
      54,
      0
    ],
    [
      16,
      50,
      41,
      44,
      25,
      12,
      51,
      6
    ]
  ]
}