{
  "layer_path": "model.layers.0.mlp",
  "layer_id": 0,
  "token_pos": 15,
  "target_token_id": 253,
  "target_token_text": " the",
  "next_token_id": 9902,
  "next_token_text": " storm",
  "router_logits": [
    -1.978515625,
    -1.0224609375,
    -0.708984375,
    -0.284423828125,
    -1.1435546875,
    -0.396728515625,
    1.130859375,
    -0.513671875,
    -0.50439453125,
    -2.7265625,
    -0.377685546875,
    -0.56884765625,
    -2.8515625,
    -0.057373046875,
    -0.54345703125,
    -0.8251953125,
    -0.8125,
    -1.41796875,
    -0.578125,
    -0.72412109375,
    -2.912109375,
    -0.65234375,
    -0.99853515625,
    -0.740234375,
    -0.951171875,
    -0.396484375,
    0.30810546875,
    -0.0281524658203125,
    -2.212890625,
    -0.291259765625,
    -0.75927734375,
    -0.83251953125,
    -0.196044921875,
    -0.62060546875,
    -0.4951171875,
    -1.4423828125,
    -1.3994140625,
    -0.60205078125,
    1.4169921875,
    -0.6064453125,
    -1.1455078125,
    -2.666015625,
    -0.9462890625,
    -0.1685791015625,
    -0.65283203125,
    -0.16455078125,
    -1.0712890625,
    -0.340576171875,
    -1.0732421875,
    0.6220703125,
    -0.95361328125,
    -1.8603515625,
    -0.595703125,
    -0.501953125,
    -0.251708984375,
    -1.490234375,
    -0.7021484375,
    -0.360107421875,
    -3.275390625,
    -1.119140625,
    -1.107421875,
    -0.73388671875,
    -0.76220703125,
    -0.317626953125
  ],
  "router_probabilities": [
    0.003558556782081723,
    0.009257275611162186,
    0.01266555767506361,
    0.019364604726433754,
    0.008201491087675095,
    0.01730753853917122,
    0.07973670959472656,
    0.01539740152657032,
    0.015540914610028267,
    0.001684229471720755,
    0.017640283331274986,
    0.014570850878953934,
    0.0014863272663205862,
    0.02430051751434803,
    0.014945550821721554,
    0.011275986209511757,
    0.011420050635933876,
    0.006233275402337313,
    0.014436297118663788,
    0.012475286610424519,
    0.001399005064740777,
    0.013403648510575294,
    0.009481433779001236,
    0.01227587927132845,
    0.009941310621798038,
    0.017311764881014824,
    0.03502199053764343,
    0.02502106875181198,
    0.002815050072968006,
    0.019232681021094322,
    0.012044321745634079,
    0.011193701066076756,
    0.021153930574655533,
    0.013835879974067211,
    0.015685763210058212,
    0.006082938518375158,
    0.0063500115647912025,
    0.014094996266067028,
    0.1061510294675827,
    0.014033191837370396,
    0.008185488171875477,
    0.001789354719221592,
    0.009989970363676548,
    0.021742993965744972,
    0.013397105038166046,
    0.021830758079886436,
    0.008816118352115154,
    0.01830720156431198,
    0.008798915892839432,
    0.04793955758213997,
    0.009917069226503372,
    0.004004902206361294,
    0.014184752479195595,
    0.015578902326524258,
    0.020008591935038567,
    0.005798714701086283,
    0.01275243517011404,
    0.017953108996152878,
    0.0009728553122840822,
    0.008404187858104706,
    0.008503253571689129,
    0.012354050762951374,
    0.012009087949991226,
    0.01873219572007656
  ],
  "selected_expert_ids": [
    38,
    6,
    49,
    26,
    27,
    13,
    45,
    43
  ],
  "effective_gate_weights": [
    0.1061510294675827,
    0.07973670959472656,
    0.04793955758213997,
    0.03502199053764343,
    0.02502106875181198,
    0.02430051751434803,
    0.021830758079886436,
    0.021742993965744972
  ],
  "topk_ranks": [
    0,
    1,
    2,
    3,
    4,
    5,
    6,
    7
  ],
  "top1_top2_gap": 0.02641431987285614,
  "routing_entropy": 3.8268001079559326,
  "sample_id": "layer_0_sample_033",
  "microbatch_id": null,
  "sequence_length": 17,
  "all_expert_count": 64,
  "selected_destination_ids": [
    38,
    6,
    49,
    26,
    27,
    13,
    45,
    43
  ],
  "expert_to_destination_map": {},
  "layer_name": "model.layers.0.mlp",
  "run_id": null,
  "mode": "real",
  "all_token_selected_expert_ids": [
    [
      5,
      14,
      61,
      18,
      38,
      6,
      0,
      19
    ],
    [
      5,
      14,
      18,
      6,
      41,
      15,
      9,
      38
    ],
    [
      49,
      44,
      60,
      41,
      6,
      51,
      46,
      50
    ],
    [
      55,
      30,
      41,
      22,
      37,
      58,
      49,
      6
    ],
    [
      59,
      51,
      41,
      50,
      6,
      29,
      47,
      44
    ],
    [
      10,
      6,
      41,
      22,
      24,
      48,
      57,
      59
    ],
    [
      16,
      41,
      13,
      33,
      6,
      26,
      59,
      55
    ],
    [
      6,
      10,
      36,
      19,
      37,
      30,
      57,
      22
    ],
    [
      36,
      41,
      40,
      20,
      6,
      34,
      51,
      12
    ],
    [
      36,
      6,
      10,
      19,
      22,
      63,
      59,
      56
    ],
    [
      36,
      6,
      62,
      40,
      14,
      53,
      8,
      15
    ],
    [
      2,
      20,
      41,
      6,
      34,
      51,
      36,
      12
    ],
    [
      49,
      50,
      41,
      51,
      6,
      44,
      16,
      46
    ],
    [
      60,
      41,
      6,
      51,
      30,
      24,
      19,
      48
    ],
    [
      10,
      24,
      6,
      29,
      22,
      41,
      60,
      63
    ],
    [
      38,
      6,
      49,
      26,
      27,
      13,
      45,
      43
    ],
    [
      5,
      41,
      18,
      38,
      6,
      26,
      13,
      16
    ]
  ]
}