{
  "layer_path": "model.layers.0.mlp",
  "layer_id": 0,
  "token_pos": 14,
  "target_token_id": 4831,
  "target_token_text": " demand",
  "next_token_id": 43942,
  "next_token_text": " forecasts",
  "router_logits": [
    -1.240234375,
    -0.385498046875,
    -0.5361328125,
    -0.3876953125,
    -1.0458984375,
    -1.228515625,
    0.305419921875,
    -1.2353515625,
    -1.2353515625,
    -1.8037109375,
    -0.457763671875,
    -0.262451171875,
    -0.37060546875,
    -1.25,
    -0.71533203125,
    -0.7470703125,
    -0.431884765625,
    -0.759765625,
    -2.052734375,
    -0.1942138671875,
    -0.9580078125,
    -1.873046875,
    -1.5703125,
    -0.85791015625,
    -0.50927734375,
    -0.64794921875,
    -1.07421875,
    -0.1673583984375,
    -2.072265625,
    -1.0732421875,
    -0.939453125,
    -1.0419921875,
    -1.013671875,
    -1.47265625,
    -1.134765625,
    -0.98779296875,
    -0.8408203125,
    -0.36083984375,
    -0.379150390625,
    -1.7373046875,
    -0.73828125,
    0.826171875,
    -0.56396484375,
    -1.978515625,
    0.92236328125,
    -0.79931640625,
    0.222900390625,
    -0.80126953125,
    -1.115234375,
    -0.3642578125,
    1.66796875,
    0.646484375,
    -0.669921875,
    -0.9208984375,
    -0.80419921875,
    -1.3564453125,
    -0.5966796875,
    -0.34619140625,
    -1.6826171875,
    -0.283447265625,
    -0.88330078125,
    -0.45654296875,
    -0.62939453125,
    -1.591796875
  ],
  "router_probabilities": [
    0.0071756355464458466,
    0.01686815731227398,
    0.014509345404803753,
    0.016831133514642715,
    0.008714839816093445,
    0.007260219659656286,
    0.033661194145679474,
    0.00721075851470232,
    0.00721075851470232,
    0.004084563348442316,
    0.015692172572016716,
    0.01907682977616787,
    0.017121247947216034,
    0.007105902303010225,
    0.012128932401537895,
    0.011750025674700737,
    0.01610356941819191,
    0.011601798236370087,
    0.003184169065207243,
    0.020424023270606995,
    0.009515460580587387,
    0.0038109514862298965,
    0.005158331710845232,
    0.010517237707972527,
    0.014904279261827469,
    0.012974378652870655,
    0.008471494540572166,
    0.020979952067136765,
    0.003122581634670496,
    0.008479772135615349,
    0.009693664498627186,
    0.008748948574066162,
    0.009000264108181,
    0.005687492433935404,
    0.007973791100084782,
    0.009236220270395279,
    0.010698520578444004,
    0.017289267852902412,
    0.01697557047009468,
    0.004365012515336275,
    0.011853753589093685,
    0.05666165053844452,
    0.014111087657511234,
    0.0034294850192964077,
    0.062382765114307404,
    0.011151893064379692,
    0.03099500760436058,
    0.011130133643746376,
    0.008131060749292374,
    0.01723027415573597,
    0.1314852237701416,
    0.047342583537101746,
    0.0126924067735672,
    0.009875207208096981,
    0.011097573675215244,
    0.006388378329575062,
    0.013656916096806526,
    0.017544390633702278,
    0.004610372241586447,
    0.018680468201637268,
    0.010253559798002243,
    0.015711341053247452,
    0.013217360712587833,
    0.005048689898103476
  ],
  "selected_expert_ids": [
    50,
    44,
    41,
    51,
    6,
    46,
    27,
    19
  ],
  "effective_gate_weights": [
    0.1314852237701416,
    0.062382765114307404,
    0.05666165053844452,
    0.047342583537101746,
    0.033661194145679474,
    0.03099500760436058,
    0.020979952067136765,
    0.020424023270606995
  ],
  "topk_ranks": [
    0,
    1,
    2,
    3,
    4,
    5,
    6,
    7
  ],
  "top1_top2_gap": 0.0691024586558342,
  "routing_entropy": 3.781860589981079,
  "sample_id": "layer_0_sample_034",
  "microbatch_id": null,
  "sequence_length": 16,
  "all_expert_count": 64,
  "selected_destination_ids": [
    50,
    44,
    41,
    51,
    6,
    46,
    27,
    19
  ],
  "expert_to_destination_map": {},
  "layer_name": "model.layers.0.mlp",
  "run_id": null,
  "mode": "real",
  "all_token_selected_expert_ids": [
    [
      14,
      4,
      32,
      5,
      17,
      3,
      11,
      61
    ],
    [
      4,
      3,
      14,
      32,
      6,
      17,
      52,
      11
    ],
    [
      44,
      60,
      51,
      6,
      50,
      30,
      61,
      57
    ],
    [
      22,
      51,
      24,
      57,
      30,
      6,
      44,
      50
    ],
    [
      59,
      6,
      57,
      48,
      29,
      11,
      42,
      27
    ],
    [
      37,
      6,
      38,
      57,
      11,
      3,
      27,
      14
    ],
    [
      5,
      18,
      41,
      6,
      26,
      51,
      50,
      61
    ],
    [
      49,
      50,
      6,
      41,
      29,
      51,
      44,
      25
    ],
    [
      24,
      51,
      41,
      22,
      49,
      60,
      6,
      29
    ],
    [
      46,
      59,
      6,
      57,
      44,
      7,
      43,
      22
    ],
    [
      25,
      41,
      55,
      13,
      6,
      61,
      4,
      54
    ],
    [
      10,
      44,
      41,
      49,
      6,
      22,
      51,
      11
    ],
    [
      16,
      13,
      41,
      33,
      51,
      59,
      18,
      6
    ],
    [
      50,
      41,
      4,
      16,
      35,
      51,
      6,
      33
    ],
    [
      50,
      44,
      41,
      51,
      6,
      46,
      27,
      19
    ],
    [
      41,
      51,
      33,
      60,
      6,
      12,
      59,
      11
    ]
  ]
}