{
  "layer_path": "model.layers.0.mlp",
  "layer_id": 0,
  "token_pos": 15,
  "target_token_id": 1072,
  "target_token_text": " same",
  "next_token_id": 8959,
  "next_token_text": " prompt",
  "router_logits": [
    -1.2861328125,
    -0.544921875,
    -0.33642578125,
    -0.421142578125,
    -0.66162109375,
    0.3759765625,
    0.70361328125,
    -1.333984375,
    -0.58349609375,
    -3.125,
    -0.451904296875,
    -0.76318359375,
    -2.990234375,
    -0.458251953125,
    -0.32666015625,
    -0.44921875,
    -0.58056640625,
    -1.2705078125,
    0.12255859375,
    -1.177734375,
    -2.478515625,
    0.78515625,
    -1.2919921875,
    -0.724609375,
    -1.1416015625,
    -0.414794921875,
    1.0478515625,
    -0.495849609375,
    -1.8583984375,
    -0.4912109375,
    -0.53125,
    -0.72900390625,
    -0.3408203125,
    -0.98583984375,
    -1.322265625,
    -0.61328125,
    -0.65185546875,
    -0.59326171875,
    -0.470947265625,
    -0.95849609375,
    -0.71533203125,
    -1.8681640625,
    -0.6943359375,
    -0.6455078125,
    -0.45751953125,
    -0.5029296875,
    -1.93359375,
    -0.331298828125,
    -0.52685546875,
    -0.625,
    -0.5361328125,
    -0.77978515625,
    -0.9560546875,
    -0.49462890625,
    -0.356689453125,
    -0.399169921875,
    -0.40966796875,
    -1.7705078125,
    -2.158203125,
    -0.54931640625,
    -0.9736328125,
    -0.431884765625,
    -0.408203125,
    -0.51171875
  ],
  "router_probabilities": [
    0.007287917658686638,
    0.015293514356017113,
    0.018838919699192047,
    0.017308678478002548,
    0.01360897533595562,
    0.038410358130931854,
    0.05330147221684456,
    0.0069473921321332455,
    0.014714810997247696,
    0.0011587602784857154,
    0.016784342005848885,
    0.012294684536755085,
    0.0013259330298751593,
    0.016678137704730034,
    0.019023794680833817,
    0.01682947762310505,
    0.014757984317839146,
    0.007402685470879078,
    0.029811948537826538,
    0.008122324012219906,
    0.0022118629422038794,
    0.05782995745539665,
    0.007245339918881655,
    0.012778209522366524,
    0.008421173319220543,
    0.01741889864206314,
    0.07520383596420288,
    0.016062719747424126,
    0.004112175665795803,
    0.01613740250468254,
    0.015504040755331516,
    0.012722178362309933,
    0.018756311386823654,
    0.009840542450547218,
    0.007029285188764334,
    0.01428299117833376,
    0.01374252699315548,
    0.014571812003850937,
    0.016467740759253502,
    0.01011333242058754,
    0.0128973089158535,
    0.00407221307978034,
    0.01317096408456564,
    0.013830036856234074,
    0.01669035665690899,
    0.015949396416544914,
    0.0038142993580549955,
    0.018935754895210266,
    0.015572323463857174,
    0.014116589911282063,
    0.015428522601723671,
    0.012092259712517262,
    0.010138053447008133,
    0.016082338988780975,
    0.018461015075445175,
    0.017693206667900085,
    0.017508434131741524,
    0.0044899554923176765,
    0.003046969650313258,
    0.01522645354270935,
    0.009961402043700218,
    0.017123742029070854,
    0.017534099519252777,
    0.015809830278158188
  ],
  "selected_expert_ids": [
    26,
    21,
    6,
    5,
    18,
    14,
    47,
    2
  ],
  "effective_gate_weights": [
    0.07520383596420288,
    0.05782995745539665,
    0.05330147221684456,
    0.038410358130931854,
    0.029811948537826538,
    0.019023794680833817,
    0.018935754895210266,
    0.018838919699192047
  ],
  "topk_ranks": [
    0,
    1,
    2,
    3,
    4,
    5,
    6,
    7
  ],
  "top1_top2_gap": 0.01737387850880623,
  "routing_entropy": 3.9311256408691406,
  "sample_id": "layer_0_sample_046",
  "microbatch_id": null,
  "sequence_length": 17,
  "all_expert_count": 64,
  "selected_destination_ids": [
    26,
    21,
    6,
    5,
    18,
    14,
    47,
    2
  ],
  "expert_to_destination_map": {},
  "layer_name": "model.layers.0.mlp",
  "run_id": null,
  "mode": "real",
  "all_token_selected_expert_ids": [
    [
      14,
      4,
      32,
      5,
      17,
      3,
      11,
      61
    ],
    [
      3,
      14,
      32,
      4,
      6,
      17,
      22,
      52
    ],
    [
      25,
      50,
      47,
      16,
      6,
      49,
      17,
      4
    ],
    [
      6,
      36,
      24,
      22,
      60,
      49,
      47,
      27
    ],
    [
      36,
      6,
      40,
      38,
      11,
      21,
      53,
      34
    ],
    [
      6,
      32,
      4,
      41,
      5,
      19,
      21,
      62
    ],
    [
      3,
      44,
      42,
      41,
      6,
      29,
      60,
      21
    ],
    [
      6,
      25,
      49,
      22,
      50,
      36,
      60,
      27
    ],
    [
      6,
      36,
      62,
      21,
      53,
      40,
      15,
      11
    ],
    [
      2,
      6,
      38,
      21,
      15,
      32,
      54,
      27
    ],
    [
      32,
      4,
      6,
      41,
      2,
      21,
      48,
      31
    ],
    [
      60,
      30,
      41,
      24,
      29,
      21,
      6,
      22
    ],
    [
      21,
      60,
      22,
      41,
      6,
      24,
      30,
      11
    ],
    [
      59,
      31,
      21,
      6,
      8,
      1,
      39,
      53
    ],
    [
      38,
      6,
      26,
      21,
      43,
      3,
      54,
      45
    ],
    [
      26,
      21,
      6,
      5,
      18,
      14,
      47,
      2
    ],
    [
      61,
      48,
      21,
      41,
      16,
      6,
      50,
      15
    ]
  ]
}