{
  "layer_path": "model.layers.0.mlp",
  "layer_id": 0,
  "token_pos": 13,
  "target_token_id": 15050,
  "target_token_text": " routes",
  "next_token_id": 32,
  "next_token_text": "?",
  "router_logits": [
    -0.8173828125,
    -0.2086181640625,
    -0.8447265625,
    -0.75146484375,
    -0.8828125,
    -1.7744140625,
    0.211181640625,
    -1.0380859375,
    -1.1962890625,
    -1.8642578125,
    -1.044921875,
    -0.280517578125,
    -2.435546875,
    -1.2138671875,
    -1.9365234375,
    -0.8544921875,
    -1.3291015625,
    -0.666015625,
    -2.263671875,
    -0.544921875,
    -1.810546875,
    0.765625,
    0.0204010009765625,
    -1.0419921875,
    0.326416015625,
    -0.72705078125,
    -0.64501953125,
    -0.462158203125,
    -2.630859375,
    -0.355712890625,
    0.315673828125,
    -1.2822265625,
    -1.236328125,
    -1.5361328125,
    -1.7216796875,
    -0.4599609375,
    -1.0361328125,
    -0.9716796875,
    -0.9765625,
    -1.3779296875,
    -0.52490234375,
    -0.822265625,
    0.287353515625,
    -1.1162109375,
    0.349853515625,
    -1.5927734375,
    -0.5693359375,
    -0.68798828125,
    -1.009765625,
    0.04864501953125,
    -0.22265625,
    0.5322265625,
    -0.8779296875,
    -0.83203125,
    -0.7890625,
    -0.92041015625,
    -1.171875,
    0.368408203125,
    -1.0595703125,
    -0.281494140625,
    1.119140625,
    -0.99609375,
    -0.71484375,
    -1.2109375
  ],
  "router_probabilities": [
    0.011560927145183086,
    0.021250825375318527,
    0.011249091476202011,
    0.012348678894340992,
    0.01082871574908495,
    0.004439758136868477,
    0.03233646601438522,
    0.009271340444684029,
    0.007914724759757519,
    0.004058267455548048,
    0.009208178147673607,
    0.019776538014411926,
    0.00229209684766829,
    0.007776814047247171,
    0.003775340272113681,
    0.011139771901071072,
    0.006930364295840263,
    0.013450258411467075,
    0.002721932251006365,
    0.015181719325482845,
    0.004282200708985329,
    0.05629687011241913,
    0.026720067486166954,
    0.009235194884240627,
    0.03628592565655708,
    0.012653871439397335,
    0.01373564638197422,
    0.01649167574942112,
    0.0018854275112971663,
    0.01834397204220295,
    0.035898223519325256,
    0.007262959145009518,
    0.007604086771607399,
    0.0056343465112149715,
    0.004680169280618429,
    0.016527950763702393,
    0.00928946677595377,
    0.0099079180508852,
    0.009859657846391201,
    0.0066000958904623985,
    0.015488713048398495,
    0.011504615657031536,
    0.03489583358168602,
    0.008574588224291801,
    0.037146423012018204,
    0.005324082914739847,
    0.01481555961072445,
    0.013157944194972515,
    0.00953766144812107,
    0.02748550847172737,
    0.020954588428139687,
    0.04457800090312958,
    0.010881719179451466,
    0.011392812244594097,
    0.011893017217516899,
    0.01042914018034935,
    0.008110333234071732,
    0.037842098623514175,
    0.009074276313185692,
    0.019757235422730446,
    0.0801704153418541,
    0.009668954648077488,
    0.01280928310006857,
    0.007799630984663963
  ],
  "selected_expert_ids": [
    60,
    21,
    51,
    57,
    44,
    24,
    30,
    42
  ],
  "effective_gate_weights": [
    0.0801704153418541,
    0.05629687011241913,
    0.04457800090312958,
    0.037842098623514175,
    0.037146423012018204,
    0.03628592565655708,
    0.035898223519325256,
    0.03489583358168602
  ],
  "topk_ranks": [
    0,
    1,
    2,
    3,
    4,
    5,
    6,
    7
  ],
  "top1_top2_gap": 0.023873545229434967,
  "routing_entropy": 3.867628335952759,
  "sample_id": "layer_0_sample_037",
  "microbatch_id": null,
  "sequence_length": 15,
  "all_expert_count": 64,
  "selected_destination_ids": [
    60,
    21,
    51,
    57,
    44,
    24,
    30,
    42
  ],
  "expert_to_destination_map": {},
  "layer_name": "model.layers.0.mlp",
  "run_id": null,
  "mode": "real",
  "all_token_selected_expert_ids": [
    [
      14,
      57,
      7,
      43,
      39,
      61,
      35,
      18
    ],
    [
      14,
      6,
      39,
      18,
      52,
      8,
      63,
      15
    ],
    [
      35,
      6,
      7,
      38,
      39,
      63,
      43,
      48
    ],
    [
      4,
      32,
      6,
      5,
      21,
      8,
      3,
      61
    ],
    [
      59,
      60,
      24,
      51,
      44,
      27,
      47,
      37
    ],
    [
      22,
      21,
      17,
      6,
      51,
      11,
      24,
      50
    ],
    [
      6,
      59,
      21,
      11,
      7,
      43,
      60,
      22
    ],
    [
      14,
      21,
      6,
      11,
      27,
      33,
      57,
      54
    ],
    [
      25,
      1,
      21,
      6,
      11,
      61,
      57,
      16
    ],
    [
      22,
      49,
      57,
      21,
      6,
      60,
      24,
      30
    ],
    [
      59,
      21,
      57,
      33,
      6,
      7,
      39,
      10
    ],
    [
      25,
      55,
      21,
      61,
      57,
      6,
      4,
      44
    ],
    [
      50,
      59,
      51,
      44,
      57,
      6,
      61,
      49
    ],
    [
      60,
      21,
      51,
      57,
      44,
      24,
      30,
      42
    ],
    [
      6,
      10,
      60,
      57,
      21,
      22,
      49,
      15
    ]
  ]
}