{
  "layer_path": "model.layers.0.mlp",
  "layer_id": 0,
  "token_pos": 14,
  "target_token_id": 27883,
  "target_token_text": " dispatch",
  "next_token_id": 3408,
  "next_token_text": " phase",
  "router_logits": [
    0.4404296875,
    -1.03125,
    -0.81396484375,
    -0.8525390625,
    -1.1298828125,
    -1.12890625,
    0.259765625,
    -2.35546875,
    -0.53076171875,
    -0.59912109375,
    -0.61962890625,
    -0.2919921875,
    -0.72705078125,
    -0.292236328125,
    -1.4775390625,
    -0.724609375,
    -1.0498046875,
    -0.62060546875,
    -1.1083984375,
    -1.0732421875,
    -1.2333984375,
    -0.52392578125,
    -0.490478515625,
    -0.84375,
    0.79345703125,
    -0.25390625,
    -1.564453125,
    -0.8486328125,
    -1.24609375,
    -0.37255859375,
    0.59814453125,
    -0.9892578125,
    -1.359375,
    -1.3837890625,
    0.0565185546875,
    -0.74365234375,
    -1.2978515625,
    -0.463134765625,
    -1.6865234375,
    -1.9228515625,
    -0.92333984375,
    1.177734375,
    -1.02734375,
    -3.13671875,
    0.386962890625,
    -0.98681640625,
    -1.2021484375,
    -1.0625,
    -1.4794921875,
    -0.008819580078125,
    1.041015625,
    0.56298828125,
    -0.51904296875,
    -1.0380859375,
    -1.017578125,
    -0.9365234375,
    -1.3046875,
    -0.486083984375,
    0.16064453125,
    -0.50439453125,
    -0.484375,
    -0.8251953125,
    -0.95361328125,
    -0.7958984375
  ],
  "router_probabilities": [
    0.03757959604263306,
    0.008626005612313747,
    0.010719523765146732,
    0.01031390018761158,
    0.007815811783075333,
    0.007823447696864605,
    0.031368281692266464,
    0.0022946097888052464,
    0.014228825457394123,
    0.013288653455674648,
    0.013018906116485596,
    0.01806613802909851,
    0.011692887172102928,
    0.018061727285385132,
    0.005520632956176996,
    0.011721470393240452,
    0.008467428386211395,
    0.013006199151277542,
    0.007985546253621578,
    0.00827128067612648,
    0.007047219201922417,
    0.014326426200568676,
    0.014813710004091263,
    0.010404949076473713,
    0.053489673882722855,
    0.018767476081848145,
    0.005061072763055563,
    0.010354268364608288,
    0.006958317942917347,
    0.01666770502924919,
    0.04399940371513367,
    0.008995943702757359,
    0.006213078740984201,
    0.006063228938728571,
    0.02559891901910305,
    0.011500370688736439,
    0.006607332266867161,
    0.01522436086088419,
    0.004479485098272562,
    0.003536650212481618,
    0.00960891880095005,
    0.07855240255594254,
    0.008659766986966133,
    0.0010505489772185683,
    0.03562310338020325,
    0.009017933160066605,
    0.007270922418683767,
    0.008360611274838448,
    0.005509860813617706,
    0.023979805409908295,
    0.0685146227478981,
    0.04247942194342613,
    0.014396550133824348,
    0.008567240089178085,
    0.008744749240577221,
    0.009483070112764835,
    0.006562319118529558,
    0.014878952875733376,
    0.028408152982592583,
    0.014608989469707012,
    0.014904402196407318,
    0.010599811561405659,
    0.00932238344103098,
    0.010914946906268597
  ],
  "selected_expert_ids": [
    41,
    50,
    24,
    30,
    51,
    0,
    44,
    6
  ],
  "effective_gate_weights": [
    0.07855240255594254,
    0.0685146227478981,
    0.053489673882722855,
    0.04399940371513367,
    0.04247942194342613,
    0.03757959604263306,
    0.03562310338020325,
    0.031368281692266464
  ],
  "topk_ranks": [
    0,
    1,
    2,
    3,
    4,
    5,
    6,
    7
  ],
  "top1_top2_gap": 0.010037779808044434,
  "routing_entropy": 3.8438358306884766,
  "sample_id": "layer_0_sample_043",
  "microbatch_id": null,
  "sequence_length": 16,
  "all_expert_count": 64,
  "selected_destination_ids": [
    41,
    50,
    24,
    30,
    51,
    0,
    44,
    6
  ],
  "expert_to_destination_map": {},
  "layer_name": "model.layers.0.mlp",
  "run_id": null,
  "mode": "real",
  "all_token_selected_expert_ids": [
    [
      5,
      14,
      61,
      18,
      38,
      6,
      0,
      19
    ],
    [
      5,
      14,
      18,
      6,
      41,
      38,
      39,
      15
    ],
    [
      24,
      22,
      60,
      59,
      51,
      29,
      6,
      41
    ],
    [
      41,
      59,
      1,
      20,
      33,
      29,
      10,
      34
    ],
    [
      60,
      44,
      41,
      22,
      49,
      51,
      24,
      27
    ],
    [
      59,
      46,
      57,
      60,
      43,
      19,
      44,
      6
    ],
    [
      25,
      57,
      29,
      45,
      6,
      49,
      61,
      59
    ],
    [
      36,
      6,
      40,
      25,
      62,
      53,
      29,
      54
    ],
    [
      15,
      2,
      20,
      6,
      53,
      54,
      29,
      25
    ],
    [
      35,
      48,
      61,
      6,
      56,
      2,
      15,
      14
    ],
    [
      49,
      33,
      16,
      6,
      13,
      57,
      14,
      61
    ],
    [
      31,
      33,
      41,
      4,
      47,
      3,
      58,
      34
    ],
    [
      38,
      6,
      59,
      24,
      3,
      22,
      57,
      27
    ],
    [
      41,
      38,
      5,
      6,
      0,
      18,
      21,
      34
    ],
    [
      41,
      50,
      24,
      30,
      51,
      0,
      44,
      6
    ],
    [
      24,
      41,
      60,
      46,
      59,
      6,
      33,
      29
    ]
  ]
}