{
  "layer_path": "model.layers.0.mlp",
  "layer_id": 0,
  "token_pos": 14,
  "target_token_id": 2969,
  "target_token_text": " simple",
  "next_token_id": 32,
  "next_token_text": "?",
  "router_logits": [
    -1.427734375,
    -0.5361328125,
    -0.97705078125,
    -1.3759765625,
    -0.7109375,
    -1.6240234375,
    0.411376953125,
    -0.7841796875,
    -0.86962890625,
    -1.37109375,
    -0.59619140625,
    -1.083984375,
    -1.818359375,
    -0.9384765625,
    -2.0390625,
    -0.67138671875,
    -1.4072265625,
    -1.2939453125,
    -2.064453125,
    -0.521484375,
    -1.2548828125,
    -0.5712890625,
    -1.7578125,
    -0.87841796875,
    -0.49658203125,
    -0.71728515625,
    -2.140625,
    -0.371826171875,
    -1.4267578125,
    -1.3759765625,
    -1.1279296875,
    0.64794921875,
    -1.078125,
    0.051544189453125,
    -1.7783203125,
    -0.81298828125,
    -0.69189453125,
    -0.80029296875,
    -0.409423828125,
    -0.90380859375,
    -0.62744140625,
    0.7236328125,
    -0.765625,
    -1.1298828125,
    -1.509765625,
    -0.7529296875,
    -0.424560546875,
    1.1533203125,
    -0.91650390625,
    -0.9990234375,
    -1.0888671875,
    -1.2900390625,
    -0.62158203125,
    -0.79833984375,
    -0.75927734375,
    -0.798828125,
    -1.1162109375,
    -1.083984375,
    -1.369140625,
    1.5830078125,
    0.2822265625,
    -0.64404296875,
    -0.533203125,
    -0.453125
  ],
  "router_probabilities": [
    0.006271486170589924,
    0.015296359546482563,
    0.009842374362051487,
    0.006604631431400776,
    0.012843144126236439,
    0.005153748206794262,
    0.039453573524951935,
    0.011936106719076633,
    0.0109585365280509,
    0.006636959034949541,
    0.014404725283384323,
    0.008844212628901005,
    0.0042434995993971825,
    0.010229453444480896,
    0.003403094597160816,
    0.013361279852688313,
    0.006401428487151861,
    0.007169259712100029,
    0.003317775670439005,
    0.01552207674831152,
    0.00745485071092844,
    0.014767940156161785,
    0.0045083677396178246,
    0.010862643830478191,
    0.01591346599161625,
    0.012761878781020641,
    0.0030744399409741163,
    0.01802791655063629,
    0.006277613341808319,
    0.006604631431400776,
    0.008463967591524124,
    0.04998369887471199,
    0.008896186016499996,
    0.027530429884791374,
    0.0044168527238070965,
    0.011597150936722755,
    0.013090060092508793,
    0.01174531877040863,
    0.017362693324685097,
    0.010590306483209133,
    0.01396153774112463,
    0.053913477808237076,
    0.01215964462608099,
    0.008447452448308468,
    0.005777563434094191,
    0.012314999476075172,
    0.01710185781121254,
    0.08285300433635712,
    0.010456709191203117,
    0.009628469124436378,
    0.008801133371889591,
    0.0071973190642893314,
    0.01404358446598053,
    0.011768280528485775,
    0.012237075716257095,
    0.011762537062168121,
    0.008563737384974957,
    0.008844212628901005,
    0.006649934686720371,
    0.1273266077041626,
    0.03467344865202904,
    0.013731667771935463,
    0.015341238118708134,
    0.016620265319943428
  ],
  "selected_expert_ids": [
    59,
    47,
    41,
    31,
    6,
    60,
    33,
    27
  ],
  "effective_gate_weights": [
    0.1273266077041626,
    0.08285300433635712,
    0.053913477808237076,
    0.04998369887471199,
    0.039453573524951935,
    0.03467344865202904,
    0.027530429884791374,
    0.01802791655063629
  ],
  "topk_ranks": [
    0,
    1,
    2,
    3,
    4,
    5,
    6,
    7
  ],
  "top1_top2_gap": 0.04447360336780548,
  "routing_entropy": 3.749795913696289,
  "sample_id": "layer_0_sample_036",
  "microbatch_id": null,
  "sequence_length": 16,
  "all_expert_count": 64,
  "selected_destination_ids": [
    59,
    47,
    41,
    31,
    6,
    60,
    33,
    27
  ],
  "expert_to_destination_map": {},
  "layer_name": "model.layers.0.mlp",
  "run_id": null,
  "mode": "real",
  "all_token_selected_expert_ids": [
    [
      57,
      14,
      61,
      35,
      7,
      43,
      17,
      39
    ],
    [
      14,
      8,
      39,
      6,
      52,
      54,
      18,
      61
    ],
    [
      6,
      38,
      48,
      35,
      7,
      43,
      3,
      39
    ],
    [
      5,
      6,
      41,
      18,
      13,
      38,
      8,
      35
    ],
    [
      60,
      6,
      41,
      22,
      46,
      30,
      42,
      16
    ],
    [
      59,
      6,
      42,
      57,
      43,
      29,
      7,
      39
    ],
    [
      37,
      41,
      61,
      6,
      58,
      9,
      21,
      55
    ],
    [
      8,
      22,
      10,
      6,
      39,
      37,
      42,
      29
    ],
    [
      35,
      26,
      6,
      41,
      8,
      21,
      51,
      63
    ],
    [
      61,
      16,
      41,
      50,
      6,
      25,
      21,
      58
    ],
    [
      10,
      6,
      22,
      37,
      57,
      7,
      50,
      16
    ],
    [
      14,
      38,
      6,
      54,
      27,
      32,
      39,
      35
    ],
    [
      5,
      41,
      6,
      18,
      38,
      21,
      14,
      58
    ],
    [
      41,
      24,
      6,
      50,
      49,
      46,
      51,
      21
    ],
    [
      59,
      47,
      41,
      31,
      6,
      60,
      33,
      27
    ],
    [
      50,
      6,
      19,
      61,
      45,
      47,
      63,
      39
    ]
  ]
}