{
  "layer_path": "model.layers.0.mlp",
  "layer_id": 0,
  "token_pos": 18,
  "target_token_id": 4395,
  "target_token_text": " moved",
  "next_token_id": 34065,
  "next_token_text": " unexpectedly",
  "router_logits": [
    0.1292724609375,
    -1.2216796875,
    -1.1259765625,
    -1.2646484375,
    -0.7734375,
    -0.337890625,
    0.5068359375,
    -1.3037109375,
    -1.271484375,
    -0.49169921875,
    -0.73681640625,
    -1.4990234375,
    -3.26171875,
    -1.1650390625,
    -1.25,
    -0.60400390625,
    -0.1666259765625,
    -0.65478515625,
    -0.82861328125,
    -1.1298828125,
    -3.318359375,
    0.76220703125,
    0.552734375,
    -0.88818359375,
    -0.8447265625,
    -0.87109375,
    -0.8369140625,
    -0.7275390625,
    -2.35546875,
    -1.12109375,
    -1.17578125,
    -1.0380859375,
    -0.72900390625,
    -1.8759765625,
    -0.53955078125,
    -1.640625,
    -1.576171875,
    -0.74755859375,
    -0.36962890625,
    -1.224609375,
    -0.88720703125,
    0.62353515625,
    -1.09765625,
    -0.83154296875,
    -0.203125,
    -1.25,
    -0.334228515625,
    -0.398681640625,
    -1.62109375,
    0.3212890625,
    -0.73095703125,
    0.409423828125,
    -1.1484375,
    -0.525390625,
    -0.7763671875,
    -0.5146484375,
    -1.138671875,
    -1.99609375,
    -1.3544921875,
    -1.26953125,
    0.986328125,
    -1.052734375,
    -0.90576171875,
    -1.1669921875
  ],
  "router_probabilities": [
    0.03151464834809303,
    0.008162090554833412,
    0.008981827646493912,
    0.007818803191184998,
    0.012778224423527718,
    0.019752683117985725,
    0.04597123712301254,
    0.0075192698277533054,
    0.007765536662191153,
    0.016936663538217545,
    0.01325485110282898,
    0.006185182835906744,
    0.0010612645419314504,
    0.008637739345431328,
    0.007934179157018661,
    0.015137514099478722,
    0.023442579433321953,
    0.014388004317879677,
    0.01209227368235588,
    0.008946810849010944,
    0.0010028245160356164,
    0.05934613570570946,
    0.04813041910529137,
    0.011392968706786633,
    0.011898987926542759,
    0.011589346453547478,
    0.011992313899099827,
    0.013378392904996872,
    0.002626654924824834,
    0.00902579165995121,
    0.008545448072254658,
    0.009806976653635502,
    0.013358809985220432,
    0.004242714960128069,
    0.01614530384540558,
    0.005368534009903669,
    0.0057259476743638515,
    0.013113226741552353,
    0.01913561299443245,
    0.00813821330666542,
    0.011404099874198437,
    0.051661618053913116,
    0.009239831939339638,
    0.012056898325681686,
    0.022602375596761703,
    0.007934179157018661,
    0.019825151190161705,
    0.018587667495012283,
    0.005474419333040714,
    0.038186002522706985,
    0.01333274319767952,
    0.04170427843928337,
    0.008782336488366127,
    0.016375549137592316,
    0.012740842998027802,
    0.016552407294511795,
    0.008868522010743618,
    0.003762509673833847,
    0.007146965246647596,
    0.007780719082802534,
    0.07425522059202194,
    0.009664366953074932,
    0.011194450780749321,
    0.008620885200798512
  ],
  "selected_expert_ids": [
    60,
    21,
    41,
    22,
    6,
    51,
    49,
    0
  ],
  "effective_gate_weights": [
    0.07425522059202194,
    0.05934613570570946,
    0.051661618053913116,
    0.04813041910529137,
    0.04597123712301254,
    0.04170427843928337,
    0.038186002522706985,
    0.03151464834809303
  ],
  "topk_ranks": [
    0,
    1,
    2,
    3,
    4,
    5,
    6,
    7
  ],
  "top1_top2_gap": 0.014909084886312485,
  "routing_entropy": 3.8552560806274414,
  "sample_id": "layer_0_sample_042",
  "microbatch_id": null,
  "sequence_length": 20,
  "all_expert_count": 64,
  "selected_destination_ids": [
    60,
    21,
    41,
    22,
    6,
    51,
    49,
    0
  ],
  "expert_to_destination_map": {},
  "layer_name": "model.layers.0.mlp",
  "run_id": null,
  "mode": "real",
  "all_token_selected_expert_ids": [
    [
      57,
      24,
      61,
      60,
      22,
      21,
      59,
      17
    ],
    [
      24,
      6,
      1,
      39,
      63,
      59,
      17,
      60
    ],
    [
      53,
      18,
      40,
      20,
      6,
      15,
      54,
      21
    ],
    [
      6,
      3,
      22,
      60,
      44,
      30,
      63,
      39
    ],
    [
      27,
      60,
      30,
      44,
      6,
      50,
      4,
      26
    ],
    [
      29,
      27,
      41,
      6,
      21,
      53,
      25,
      4
    ],
    [
      59,
      6,
      21,
      46,
      33,
      44,
      38,
      39
    ],
    [
      29,
      25,
      41,
      21,
      6,
      45,
      58,
      0
    ],
    [
      10,
      6,
      36,
      22,
      49,
      63,
      7,
      39
    ],
    [
      36,
      40,
      21,
      6,
      0,
      20,
      41,
      29
    ],
    [
      3,
      6,
      60,
      44,
      22,
      30,
      1,
      39
    ],
    [
      27,
      44,
      60,
      30,
      6,
      50,
      46,
      4
    ],
    [
      25,
      41,
      29,
      27,
      21,
      53,
      6,
      0
    ],
    [
      59,
      6,
      46,
      7,
      43,
      21,
      38,
      33
    ],
    [
      25,
      6,
      29,
      36,
      45,
      43,
      23,
      39
    ],
    [
      36,
      6,
      62,
      21,
      40,
      53,
      15,
      14
    ],
    [
      2,
      38,
      6,
      21,
      15,
      3,
      34,
      54
    ],
    [
      21,
      5,
      41,
      18,
      58,
      2,
      6,
      0
    ],
    [
      60,
      21,
      41,
      22,
      6,
      51,
      49,
      0
    ],
    [
      59,
      41,
      21,
      47,
      9,
      60,
      0,
      58
    ]
  ]
}