{
  "layer_path": "model.layers.0.mlp",
  "layer_id": 0,
  "token_pos": 14,
  "target_token_id": 13823,
  "target_token_text": "aware",
  "next_token_id": 11674,
  "next_token_text": " priority",
  "router_logits": [
    0.287353515625,
    -0.47216796875,
    -0.80029296875,
    -0.6044921875,
    -0.396484375,
    -1.55078125,
    -0.57666015625,
    -3.90625,
    -1.9384765625,
    -1.0400390625,
    -0.98095703125,
    -1.4970703125,
    -1.576171875,
    0.10626220703125,
    -1.076171875,
    -1.259765625,
    -1.4697265625,
    -1.509765625,
    -1.1396484375,
    -2.21484375,
    -1.9423828125,
    -0.1112060546875,
    -1.630859375,
    -1.37890625,
    -0.324951171875,
    -0.64111328125,
    -0.72607421875,
    1.3017578125,
    -1.9287109375,
    -0.46044921875,
    0.037322998046875,
    -0.875,
    -0.99658203125,
    -0.66796875,
    0.07342529296875,
    -0.39892578125,
    -1.265625,
    -0.7109375,
    -2.447265625,
    -3.34765625,
    0.77587890625,
    1.0673828125,
    -0.251953125,
    -4.23828125,
    0.7607421875,
    -1.158203125,
    -2.94140625,
    -0.3388671875,
    -0.73095703125,
    -0.0297088623046875,
    0.0875244140625,
    0.76220703125,
    -1.5966796875,
    0.29931640625,
    -1.1904296875,
    -0.7236328125,
    -1.0234375,
    -1.8076171875,
    -1.6669921875,
    -0.110107421875,
    1.0029296875,
    -0.6943359375,
    -0.68017578125,
    -1.966796875
  ],
  "router_probabilities": [
    0.03129834309220314,
    0.014644189737737179,
    0.010547814890742302,
    0.012829143553972244,
    0.01579553447663784,
    0.0049800025299191475,
    0.013191220350563526,
    0.00047234841622412205,
    0.0033795246854424477,
    0.008299311622977257,
    0.008804426528513432,
    0.005254796706140041,
    0.004855148959904909,
    0.02611406147480011,
    0.008004787378013134,
    0.0066621750593185425,
    0.005400464870035648,
    0.005188507027924061,
    0.007512461859732866,
    0.002563485410064459,
    0.0033663492649793625,
    0.021010149270296097,
    0.0045967623591423035,
    0.005913899280130863,
    0.016966834664344788,
    0.012367825023829937,
    0.011360442265868187,
    0.08631207048892975,
    0.003412689547985792,
    0.014816811308264732,
    0.024374429136514664,
    0.009788533672690392,
    0.00866792630404234,
    0.012040101923048496,
    0.025270480662584305,
    0.015757018700242043,
    0.006623252760618925,
    0.011533711105585098,
    0.002031848533079028,
    0.0008257653680630028,
    0.051013510674238205,
    0.068278469145298,
    0.018251705914735794,
    0.0003388934419490397,
    0.05024715140461922,
    0.00737435556948185,
    0.001239620614796877,
    0.016732359305024147,
    0.011305107735097408,
    0.022794123739004135,
    0.02562929503619671,
    0.050320807844400406,
    0.00475659454241395,
    0.03167501091957092,
    0.007140494417399168,
    0.011388212442398071,
    0.00843824353069067,
    0.0038520076777786016,
    0.0044336337596178055,
    0.02103324420750141,
    0.06401652842760086,
    0.011726787313818932,
    0.011894021183252335,
    0.0032851581927388906
  ],
  "selected_expert_ids": [
    27,
    41,
    60,
    40,
    51,
    44,
    53,
    0
  ],
  "effective_gate_weights": [
    0.08631207048892975,
    0.068278469145298,
    0.06401652842760086,
    0.051013510674238205,
    0.050320807844400406,
    0.05024715140461922,
    0.03167501091957092,
    0.03129834309220314
  ],
  "topk_ranks": [
    0,
    1,
    2,
    3,
    4,
    5,
    6,
    7
  ],
  "top1_top2_gap": 0.018033601343631744,
  "routing_entropy": 3.7132298946380615,
  "sample_id": "layer_0_sample_044",
  "microbatch_id": null,
  "sequence_length": 16,
  "all_expert_count": 64,
  "selected_destination_ids": [
    27,
    41,
    60,
    40,
    51,
    44,
    53,
    0
  ],
  "expert_to_destination_map": {},
  "layer_name": "model.layers.0.mlp",
  "run_id": null,
  "mode": "real",
  "all_token_selected_expert_ids": [
    [
      46,
      57,
      47,
      24,
      34,
      17,
      44,
      60
    ],
    [
      47,
      24,
      39,
      57,
      63,
      52,
      34,
      37
    ],
    [
      24,
      6,
      22,
      57,
      51,
      49,
      46,
      7
    ],
    [
      32,
      14,
      4,
      6,
      3,
      57,
      5,
      23
    ],
    [
      13,
      33,
      10,
      59,
      6,
      57,
      48,
      32
    ],
    [
      30,
      6,
      1,
      61,
      19,
      22,
      60,
      7
    ],
    [
      30,
      27,
      60,
      51,
      44,
      6,
      47,
      25
    ],
    [
      35,
      41,
      27,
      48,
      0,
      6,
      21,
      54
    ],
    [
      6,
      19,
      44,
      49,
      61,
      27,
      60,
      50
    ],
    [
      53,
      40,
      41,
      6,
      15,
      20,
      54,
      56
    ],
    [
      24,
      22,
      6,
      49,
      60,
      19,
      46,
      57
    ],
    [
      25,
      32,
      41,
      6,
      45,
      3,
      34,
      0
    ],
    [
      13,
      41,
      33,
      10,
      0,
      59,
      34,
      6
    ],
    [
      6,
      44,
      60,
      1,
      22,
      7,
      24,
      19
    ],
    [
      27,
      41,
      60,
      40,
      51,
      44,
      53,
      0
    ],
    [
      41,
      27,
      0,
      21,
      50,
      59,
      6,
      34
    ]
  ]
}