{
  "layer_path": "model.layers.0.mlp",
  "layer_id": 0,
  "token_pos": 14,
  "target_token_id": 3468,
  "target_token_text": " slow",
  "next_token_id": 12095,
  "next_token_text": " destination",
  "router_logits": [
    -0.333251953125,
    -0.1181640625,
    -0.264404296875,
    -0.8935546875,
    -1.1044921875,
    -0.71875,
    0.40673828125,
    -1.4482421875,
    -0.2244873046875,
    -1.3955078125,
    -1.021484375,
    -1.3916015625,
    -1.642578125,
    -1.3935546875,
    -1.37890625,
    -0.87158203125,
    -0.00704193115234375,
    -0.873046875,
    -1.3076171875,
    -0.955078125,
    -1.2314453125,
    -0.46337890625,
    -1.3935546875,
    -0.72314453125,
    -1.0107421875,
    -0.787109375,
    -1.837890625,
    -0.69384765625,
    -2.818359375,
    -0.51611328125,
    -0.499755859375,
    -0.517578125,
    -0.6259765625,
    -1.154296875,
    -0.5263671875,
    0.68603515625,
    -1.0966796875,
    -0.6611328125,
    -0.044464111328125,
    -1.7587890625,
    -0.93408203125,
    0.8369140625,
    -0.11956787109375,
    -1.140625,
    -0.8623046875,
    -0.51708984375,
    -0.95751953125,
    -0.360107421875,
    -0.09466552734375,
    0.036865234375,
    0.88232421875,
    0.634765625,
    -0.92529296875,
    -1.1787109375,
    -0.481689453125,
    -0.4921875,
    0.44580078125,
    -1.77734375,
    -1.4111328125,
    -0.48291015625,
    -2.12890625,
    -0.64794921875,
    -0.85498046875,
    -1.10546875
  ],
  "router_probabilities": [
    0.018492449074983597,
    0.022930100560188293,
    0.01981046237051487,
    0.01055985875427723,
    0.008551633916795254,
    0.012576933950185776,
    0.03875860571861267,
    0.006064016371965408,
    0.020617231726646423,
    0.0063923802226781845,
    0.009291780181229115,
    0.006417399737983942,
    0.004992997273802757,
    0.00640487764030695,
    0.00649938965216279,
    0.010794454254209995,
    0.025625105947256088,
    0.010778654366731644,
    0.006979640107601881,
    0.009929761290550232,
    0.00753206480294466,
    0.0162360742688179,
    0.00640487764030695,
    0.01252178568392992,
    0.009392132051289082,
    0.011745910160243511,
    0.004107127897441387,
    0.01289406232535839,
    0.0015407281462103128,
    0.015402060002088547,
    0.01565607078373432,
    0.015379514545202255,
    0.0137995770201087,
    0.00813615508377552,
    0.015244935639202595,
    0.05124662071466446,
    0.008618704974651337,
    0.013322864659130573,
    0.024683881551027298,
    0.004445202648639679,
    0.010140450671315193,
    0.05959242954850197,
    0.022897932678461075,
    0.008248155005276203,
    0.01089506410062313,
    0.015387026593089104,
    0.009905547834932804,
    0.018002435564994812,
    0.02347530424594879,
    0.02677529864013195,
    0.062360916286706924,
    0.04868544638156891,
    0.010229969397187233,
    0.00793992355465889,
    0.01594148948788643,
    0.015775009989738464,
    0.040302570909261703,
    0.004363483749330044,
    0.006293275393545628,
    0.01592203974723816,
    0.003070094157010317,
    0.013499670661985874,
    0.010975155048072338,
    0.008543286472558975
  ],
  "selected_expert_ids": [
    50,
    41,
    35,
    51,
    56,
    6,
    49,
    16
  ],
  "effective_gate_weights": [
    0.062360916286706924,
    0.05959242954850197,
    0.05124662071466446,
    0.04868544638156891,
    0.040302570909261703,
    0.03875860571861267,
    0.02677529864013195,
    0.025625105947256088
  ],
  "topk_ranks": [
    0,
    1,
    2,
    3,
    4,
    5,
    6,
    7
  ],
  "top1_top2_gap": 0.002768486738204956,
  "routing_entropy": 3.8991286754608154,
  "sample_id": "layer_0_sample_047",
  "microbatch_id": null,
  "sequence_length": 16,
  "all_expert_count": 64,
  "selected_destination_ids": [
    50,
    41,
    35,
    51,
    56,
    6,
    49,
    16
  ],
  "expert_to_destination_map": {},
  "layer_name": "model.layers.0.mlp",
  "run_id": null,
  "mode": "real",
  "all_token_selected_expert_ids": [
    [
      57,
      35,
      8,
      54,
      61,
      24,
      14,
      17
    ],
    [
      8,
      57,
      54,
      52,
      63,
      20,
      35,
      39
    ],
    [
      6,
      8,
      59,
      57,
      63,
      39,
      7,
      18
    ],
    [
      53,
      18,
      20,
      40,
      41,
      6,
      15,
      8
    ],
    [
      60,
      24,
      55,
      41,
      6,
      49,
      46,
      42
    ],
    [
      6,
      60,
      22,
      36,
      63,
      24,
      49,
      44
    ],
    [
      36,
      6,
      40,
      53,
      20,
      49,
      54,
      15
    ],
    [
      47,
      3,
      6,
      45,
      43,
      4,
      60,
      37
    ],
    [
      27,
      41,
      47,
      3,
      60,
      6,
      40,
      4
    ],
    [
      50,
      41,
      44,
      24,
      27,
      6,
      59,
      46
    ],
    [
      10,
      6,
      22,
      37,
      36,
      50,
      63,
      24
    ],
    [
      36,
      6,
      62,
      14,
      8,
      40,
      53,
      37
    ],
    [
      2,
      38,
      6,
      3,
      63,
      54,
      14,
      5
    ],
    [
      5,
      38,
      18,
      6,
      2,
      41,
      32,
      50
    ],
    [
      50,
      41,
      35,
      51,
      56,
      6,
      49,
      16
    ],
    [
      50,
      41,
      44,
      6,
      46,
      0,
      42,
      34
    ]
  ]
}