{
  "layer_path": "model.layers.0.mlp",
  "layer_id": 0,
  "token_pos": 18,
  "target_token_id": 1305,
  "target_token_text": " dep",
  "next_token_id": 302,
  "next_token_text": "ot",
  "router_logits": [
    -0.59619140625,
    -0.98095703125,
    -0.65771484375,
    -0.88720703125,
    -0.72119140625,
    1.4814453125,
    0.50341796875,
    -2.3671875,
    -0.270263671875,
    -0.8720703125,
    -0.68359375,
    -0.83447265625,
    -0.56689453125,
    -0.28271484375,
    -0.81494140625,
    -0.81005859375,
    -0.6875,
    -0.79833984375,
    0.9033203125,
    -0.9951171875,
    -1.751953125,
    -0.400390625,
    -1.486328125,
    -0.791015625,
    -1.2060546875,
    -0.55615234375,
    -0.3671875,
    -0.8916015625,
    -2.046875,
    -0.8896484375,
    -0.6103515625,
    -0.2381591796875,
    -0.86376953125,
    -1.1455078125,
    -1.353515625,
    -0.68603515625,
    -0.61669921875,
    -0.841796875,
    0.351806640625,
    -1.837890625,
    -0.833984375,
    -0.6845703125,
    -0.7392578125,
    -1.7412109375,
    -0.634765625,
    -0.859375,
    -1.0380859375,
    -0.40673828125,
    -0.53515625,
    -0.6083984375,
    -0.61669921875,
    -0.9501953125,
    -0.9921875,
    -0.6845703125,
    -0.5029296875,
    -0.64794921875,
    -0.64501953125,
    -0.81787109375,
    0.15966796875,
    -1.2060546875,
    -0.86083984375,
    -0.303955078125,
    -0.6533203125,
    -1.0302734375
  ],
  "router_probabilities": [
    0.014447548426687717,
    0.009833147749304771,
    0.013585475273430347,
    0.010799599811434746,
    0.012749915942549706,
    0.11537196487188339,
    0.043385881930589676,
    0.0024584438651800156,
    0.020014407113194466,
    0.010964312590658665,
    0.013238408602774143,
    0.011384394019842148,
    0.0148770771920681,
    0.019766749814152718,
    0.011608930304646492,
    0.011665753088891506,
    0.013186796568334103,
    0.011803265661001205,
    0.06471780687570572,
    0.009694889187812805,
    0.004548342898488045,
    0.017572330310940742,
    0.005932157393544912,
    0.011890032328665257,
    0.007851161062717438,
    0.015037749893963337,
    0.018165579065680504,
    0.010752243921160698,
    0.0033866495359688997,
    0.010773264802992344,
    0.014244409278035164,
    0.020667387172579765,
    0.011055704206228256,
    0.008341209031641483,
    0.0067747365683317184,
    0.013206127099692822,
    0.014154276810586452,
    0.011301316320896149,
    0.03728245198726654,
    0.004173793829977512,
    0.011389953084290028,
    0.013225486502051353,
    0.012521639466285706,
    0.004597465507686138,
    0.01390085555613041,
    0.011104396544396877,
    0.009287135675549507,
    0.0174611397087574,
    0.015356821939349174,
    0.014272257685661316,
    0.014154276810586452,
    0.010140332393348217,
    0.009723334573209286,
    0.013225486502051353,
    0.015859780833125114,
    0.013718795962631702,
    0.013759045861661434,
    0.011574969626963139,
    0.030765194445848465,
    0.007851161062717438,
    0.011088142171502113,
    0.019351325929164886,
    0.013645308092236519,
    0.009359975345432758
  ],
  "selected_expert_ids": [
    5,
    18,
    6,
    38,
    58,
    31,
    8,
    13
  ],
  "effective_gate_weights": [
    0.11537196487188339,
    0.06471780687570572,
    0.043385881930589676,
    0.03728245198726654,
    0.030765194445848465,
    0.020667387172579765,
    0.020014407113194466,
    0.019766749814152718
  ],
  "topk_ranks": [
    0,
    1,
    2,
    3,
    4,
    5,
    6,
    7
  ],
  "top1_top2_gap": 0.05065415799617767,
  "routing_entropy": 3.882420301437378,
  "sample_id": "layer_0_sample_030",
  "microbatch_id": null,
  "sequence_length": 20,
  "all_expert_count": 64,
  "selected_destination_ids": [
    5,
    18,
    6,
    38,
    58,
    31,
    8,
    13
  ],
  "expert_to_destination_map": {},
  "layer_name": "model.layers.0.mlp",
  "run_id": null,
  "mode": "real",
  "all_token_selected_expert_ids": [
    [
      5,
      14,
      61,
      18,
      38,
      6,
      0,
      19
    ],
    [
      5,
      18,
      14,
      41,
      6,
      52,
      12,
      61
    ],
    [
      44,
      10,
      51,
      41,
      60,
      24,
      6,
      49
    ],
    [
      22,
      30,
      46,
      57,
      6,
      24,
      51,
      44
    ],
    [
      33,
      31,
      47,
      4,
      3,
      45,
      62,
      41
    ],
    [
      51,
      7,
      43,
      24,
      6,
      19,
      57,
      46
    ],
    [
      59,
      41,
      51,
      17,
      11,
      58,
      50,
      6
    ],
    [
      10,
      57,
      6,
      22,
      24,
      59,
      46,
      51
    ],
    [
      49,
      6,
      38,
      16,
      21,
      33,
      13,
      14
    ],
    [
      32,
      41,
      4,
      6,
      58,
      31,
      5,
      25
    ],
    [
      30,
      51,
      50,
      41,
      45,
      6,
      44,
      61
    ],
    [
      41,
      49,
      60,
      22,
      51,
      59,
      24,
      6
    ],
    [
      59,
      46,
      57,
      51,
      6,
      55,
      44,
      7
    ],
    [
      41,
      25,
      55,
      13,
      6,
      61,
      12,
      51
    ],
    [
      10,
      8,
      6,
      22,
      39,
      42,
      55,
      57
    ],
    [
      26,
      41,
      35,
      6,
      51,
      19,
      33,
      10
    ],
    [
      59,
      1,
      41,
      6,
      46,
      33,
      62,
      61
    ],
    [
      38,
      47,
      6,
      54,
      16,
      45,
      57,
      25
    ],
    [
      5,
      18,
      6,
      38,
      58,
      31,
      8,
      13
    ],
    [
      47,
      60,
      59,
      5,
      12,
      9,
      6,
      54
    ]
  ]
}