{
  "layer_path": "model.layers.0.mlp",
  "layer_id": 0,
  "token_pos": 17,
  "target_token_id": 20384,
  "target_token_text": " restoration",
  "next_token_id": 7211,
  "next_token_text": " notes",
  "router_logits": [
    -0.343017578125,
    -1.173828125,
    -0.6767578125,
    -1.1943359375,
    -1.1640625,
    -1.7705078125,
    0.11279296875,
    -1.4736328125,
    -0.74951171875,
    -0.55810546875,
    -0.406982421875,
    -0.280029296875,
    -0.45849609375,
    -1.578125,
    -1.21875,
    -0.9921875,
    -0.242919921875,
    0.07366943359375,
    -1.7109375,
    -1.0166015625,
    -2.140625,
    -0.416015625,
    -1.7939453125,
    -0.82763671875,
    0.40673828125,
    -0.177978515625,
    -1.66796875,
    -0.6162109375,
    0.2281494140625,
    0.0423583984375,
    -0.424560546875,
    -0.9228515625,
    -1.15625,
    -1.26171875,
    -1.361328125,
    -1.1494140625,
    -0.8818359375,
    -1.3408203125,
    -1.2421875,
    -0.755859375,
    -1.4736328125,
    1.197265625,
    -0.95361328125,
    -2.306640625,
    -0.32275390625,
    -0.8154296875,
    -0.70703125,
    -0.7958984375,
    -0.8505859375,
    -0.33544921875,
    -0.003711700439453125,
    0.48681640625,
    -0.08819580078125,
    -1.646484375,
    -1.201171875,
    -0.73974609375,
    -0.9013671875,
    -0.94189453125,
    -0.08331298828125,
    1.4912109375,
    -0.161865234375,
    -1.015625,
    -0.6533203125,
    0.03497314453125
  ],
  "router_probabilities": [
    0.01724291779100895,
    0.0075126695446670055,
    0.01235006283968687,
    0.007360170595347881,
    0.007586394902318716,
    0.0041367532685399055,
    0.027199864387512207,
    0.0055666095577180386,
    0.011483455076813698,
    0.0139059042558074,
    0.01617451012134552,
    0.01836395263671875,
    0.015362399630248547,
    0.005014300812035799,
    0.007182654459029436,
    0.00900906603783369,
    0.01905822940170765,
    0.026156257838010788,
    0.004390668589621782,
    0.008791781961917877,
    0.0028570624999701977,
    0.016029061749577522,
    0.004040925297886133,
    0.010620459914207458,
    0.03649434447288513,
    0.020336970686912537,
    0.004583442118018866,
    0.013120921328663826,
    0.030525682494044304,
    0.025349967181682587,
    0.01589267887175083,
    0.009655884467065334,
    0.007645895704627037,
    0.006880561821162701,
    0.006228222046047449,
    0.007698341738432646,
    0.010060159489512444,
    0.006357267964631319,
    0.0070162685588002205,
    0.011410792358219624,
    0.0055666095577180386,
    0.08045391738414764,
    0.00936337374150753,
    0.0024200263433158398,
    0.017595885321497917,
    0.010750898160040379,
    0.011981787160038948,
    0.010962940752506256,
    0.010379503481090069,
    0.017373912036418915,
    0.024208582937717438,
    0.039536938071250916,
    0.022247357293963432,
    0.004682980012148619,
    0.007310028187930584,
    0.01159614697098732,
    0.009865578263998032,
    0.00947374664247036,
    0.022356251254677773,
    0.10794587433338165,
    0.020667321979999542,
    0.00880037248134613,
    0.012642936781048775,
    0.02516344003379345
  ],
  "selected_expert_ids": [
    59,
    41,
    51,
    24,
    28,
    6,
    17,
    29
  ],
  "effective_gate_weights": [
    0.10794587433338165,
    0.08045391738414764,
    0.039536938071250916,
    0.03649434447288513,
    0.030525682494044304,
    0.027199864387512207,
    0.026156257838010788,
    0.025349967181682587
  ],
  "topk_ranks": [
    0,
    1,
    2,
    3,
    4,
    5,
    6,
    7
  ],
  "top1_top2_gap": 0.02749195694923401,
  "routing_entropy": 3.8198721408843994,
  "sample_id": "layer_0_sample_035",
  "microbatch_id": null,
  "sequence_length": 19,
  "all_expert_count": 64,
  "selected_destination_ids": [
    59,
    41,
    51,
    24,
    28,
    6,
    17,
    29
  ],
  "expert_to_destination_map": {},
  "layer_name": "model.layers.0.mlp",
  "run_id": null,
  "mode": "real",
  "all_token_selected_expert_ids": [
    [
      5,
      14,
      61,
      18,
      38,
      6,
      0,
      19
    ],
    [
      5,
      14,
      18,
      41,
      6,
      15,
      61,
      52
    ],
    [
      60,
      22,
      30,
      6,
      37,
      49,
      24,
      46
    ],
    [
      47,
      60,
      41,
      46,
      5,
      6,
      19,
      59
    ],
    [
      46,
      22,
      41,
      24,
      7,
      6,
      39,
      17
    ],
    [
      6,
      59,
      38,
      39,
      7,
      43,
      48,
      21
    ],
    [
      32,
      6,
      41,
      4,
      48,
      38,
      61,
      43
    ],
    [
      4,
      25,
      50,
      41,
      61,
      6,
      45,
      58
    ],
    [
      41,
      22,
      60,
      6,
      24,
      51,
      37,
      29
    ],
    [
      38,
      6,
      16,
      43,
      7,
      3,
      39,
      57
    ],
    [
      5,
      38,
      41,
      18,
      6,
      28,
      13,
      16
    ],
    [
      22,
      6,
      62,
      5,
      55,
      60,
      43,
      14
    ],
    [
      2,
      41,
      6,
      28,
      19,
      20,
      15,
      54
    ],
    [
      59,
      6,
      38,
      2,
      32,
      13,
      47,
      43
    ],
    [
      1,
      6,
      8,
      37,
      32,
      43,
      42,
      15
    ],
    [
      13,
      33,
      41,
      28,
      6,
      12,
      0,
      8
    ],
    [
      41,
      60,
      30,
      44,
      31,
      28,
      19,
      37
    ],
    [
      59,
      41,
      51,
      24,
      28,
      6,
      17,
      29
    ],
    [
      41,
      44,
      24,
      51,
      60,
      6,
      47,
      16
    ]
  ]
}