{
  "layer_path": "model.layers.0.mlp",
  "layer_id": 0,
  "token_pos": 23,
  "target_token_id": 2693,
  "target_token_text": "09",
  "next_token_id": 62,
  "next_token_text": "]",
  "router_logits": [
    -0.00146484375,
    -0.65869140625,
    -0.87646484375,
    -1.2939453125,
    -0.43798828125,
    -1.224609375,
    0.158935546875,
    -1.7861328125,
    -1.6376953125,
    -1.1279296875,
    -0.7763671875,
    -1.1640625,
    -2.3671875,
    -1.6328125,
    -0.69384765625,
    1.158203125,
    -1.404296875,
    -1.6474609375,
    -1.3115234375,
    -1.9248046875,
    -0.41064453125,
    -0.1114501953125,
    -2.119140625,
    -0.7607421875,
    -0.43359375,
    -0.82568359375,
    -0.429443359375,
    -1.0009765625,
    -1.7216796875,
    -1.0869140625,
    -0.478515625,
    -1.103515625,
    -0.9443359375,
    -0.58447265625,
    -0.94189453125,
    -0.5361328125,
    -1.119140625,
    -0.83056640625,
    -0.86572265625,
    -2.265625,
    -0.05145263671875,
    -1.8525390625,
    -1.0810546875,
    -1.75,
    -0.87890625,
    -0.97412109375,
    -2.55859375,
    -0.5224609375,
    -0.68994140625,
    -0.6689453125,
    -0.58544921875,
    -0.1253662109375,
    -1.6513671875,
    -0.99267578125,
    -2.0859375,
    -0.71435546875,
    -0.681640625,
    -2.29296875,
    -1.05859375,
    -0.80517578125,
    -0.72021484375,
    0.240478515625,
    0.0770263671875,
    -1.3251953125
  ],
  "router_probabilities": [
    0.03247849643230438,
    0.016833176836371422,
    0.01353905163705349,
    0.008918232284486294,
    0.02099018171429634,
    0.009558526799082756,
    0.038129132241010666,
    0.005451606120914221,
    0.006323973648250103,
    0.010528789833188057,
    0.01496442686766386,
    0.01015514601022005,
    0.003049127757549286,
    0.006354928016662598,
    0.016251666471362114,
    0.10356984287500381,
    0.00798644870519638,
    0.006262516602873802,
    0.008762836456298828,
    0.004745697136968374,
    0.02157205156981945,
    0.02909577265381813,
    0.003907517995685339,
    0.015200083144009113,
    0.021082626655697823,
    0.014244336634874344,
    0.02117030881345272,
    0.011954006738960743,
    0.00581454997882247,
    0.010969613678753376,
    0.020156512036919594,
    0.010789004154503345,
    0.012650631368160248,
    0.018130043521523476,
    0.01268155500292778,
    0.01902797445654869,
    0.010621735826134682,
    0.014174954034388065,
    0.013685273937880993,
    0.003375076688826084,
    0.030894877389073372,
    0.005101344082504511,
    0.011034077033400536,
    0.0056521897204220295,
    0.013506037183105946,
    0.012279386632144451,
    0.0025179607328027487,
    0.019289908930659294,
    0.016315273940563202,
    0.016661452129483223,
    0.018112346529960632,
    0.028693677857518196,
    0.00623810151591897,
    0.012053647078573704,
    0.004039437975734472,
    0.01592177338898182,
    0.016451265662908554,
    0.003284039907157421,
    0.011284717358648777,
    0.014539473690092564,
    0.015828754752874374,
    0.041368577629327774,
    0.035130493342876434,
    0.008643846958875656
  ],
  "selected_expert_ids": [
    15,
    61,
    6,
    62,
    0,
    40,
    21,
    51
  ],
  "effective_gate_weights": [
    0.10356984287500381,
    0.041368577629327774,
    0.038129132241010666,
    0.035130493342876434,
    0.03247849643230438,
    0.030894877389073372,
    0.02909577265381813,
    0.028693677857518196
  ],
  "topk_ranks": [
    0,
    1,
    2,
    3,
    4,
    5,
    6,
    7
  ],
  "top1_top2_gap": 0.06220126524567604,
  "routing_entropy": 3.8912909030914307,
  "sample_id": "layer_0_sample_045",
  "microbatch_id": null,
  "sequence_length": 25,
  "all_expert_count": 64,
  "selected_destination_ids": [
    15,
    61,
    6,
    62,
    0,
    40,
    21,
    51
  ],
  "expert_to_destination_map": {},
  "layer_name": "model.layers.0.mlp",
  "run_id": null,
  "mode": "real",
  "all_token_selected_expert_ids": [
    [
      57,
      22,
      21,
      60,
      17,
      24,
      51,
      59
    ],
    [
      57,
      22,
      46,
      21,
      17,
      60,
      44,
      24
    ],
    [
      6,
      22,
      59,
      24,
      60,
      61,
      21,
      39
    ],
    [
      53,
      21,
      40,
      6,
      41,
      18,
      15,
      8
    ],
    [
      10,
      6,
      57,
      37,
      24,
      61,
      51,
      19
    ],
    [
      54,
      6,
      33,
      46,
      53,
      13,
      21,
      38
    ],
    [
      54,
      6,
      36,
      25,
      29,
      53,
      8,
      21
    ],
    [
      36,
      6,
      21,
      40,
      25,
      46,
      27,
      39
    ],
    [
      36,
      29,
      25,
      6,
      45,
      62,
      21,
      26
    ],
    [
      36,
      6,
      21,
      40,
      38,
      46,
      37,
      27
    ],
    [
      6,
      29,
      25,
      45,
      36,
      49,
      23,
      14
    ],
    [
      49,
      36,
      41,
      40,
      21,
      6,
      20,
      11
    ],
    [
      10,
      60,
      6,
      61,
      19,
      17,
      24,
      57
    ],
    [
      54,
      6,
      46,
      33,
      38,
      13,
      10,
      40
    ],
    [
      6,
      29,
      54,
      8,
      21,
      62,
      53,
      27
    ],
    [
      15,
      6,
      40,
      21,
      61,
      51,
      0,
      4
    ],
    [
      29,
      6,
      15,
      36,
      63,
      53,
      39,
      52
    ],
    [
      36,
      6,
      40,
      50,
      20,
      37,
      47,
      14
    ],
    [
      29,
      6,
      62,
      36,
      25,
      63,
      21,
      8
    ],
    [
      15,
      6,
      62,
      40,
      61,
      21,
      0,
      47
    ],
    [
      29,
      6,
      36,
      15,
      63,
      52,
      21,
      39
    ],
    [
      36,
      6,
      40,
      20,
      49,
      52,
      37,
      50
    ],
    [
      29,
      62,
      6,
      36,
      25,
      63,
      8,
      24
    ],
    [
      15,
      61,
      6,
      62,
      0,
      40,
      21,
      51
    ],
    [
      6,
      29,
      15,
      49,
      39,
      34,
      43,
      37
    ]
  ]
}