{
  "layer_path": "model.layers.0.mlp",
  "layer_id": 0,
  "token_pos": 13,
  "target_token_id": 22205,
  "target_token_text": " bucket",
  "next_token_id": 32,
  "next_token_text": "?",
  "router_logits": [
    0.0599365234375,
    -1.0087890625,
    -0.3955078125,
    -0.83056640625,
    -0.9462890625,
    -1.2333984375,
    0.415283203125,
    -2.01171875,
    -1.4873046875,
    0.57177734375,
    -1.0966796875,
    -0.61865234375,
    -1.009765625,
    -1.943359375,
    -1.908203125,
    -0.619140625,
    -0.08056640625,
    -0.4453125,
    -1.265625,
    -0.80712890625,
    -1.72265625,
    -0.381103515625,
    -1.78125,
    -0.64404296875,
    -0.353759765625,
    1.1650390625,
    -1.03515625,
    -0.62109375,
    -1.7421875,
    -0.2724609375,
    -0.85986328125,
    -1.15234375,
    -1.3134765625,
    -1.1806640625,
    -1.4150390625,
    -0.587890625,
    -1.03125,
    -1.4482421875,
    -1.525390625,
    -2.0,
    -0.78173828125,
    0.026214599609375,
    -0.11175537109375,
    -1.9609375,
    1.9169921875,
    -0.44482421875,
    -0.5078125,
    -0.1728515625,
    -1.025390625,
    -0.430908203125,
    1.3642578125,
    -0.7451171875,
    -0.67138671875,
    -0.97509765625,
    -0.62890625,
    -1.826171875,
    -1.0908203125,
    -0.75390625,
    0.30712890625,
    -0.265869140625,
    -0.057159423828125,
    -0.389404296875,
    -0.9482421875,
    -0.978515625
  ],
  "router_probabilities": [
    0.02345435880124569,
    0.008055304177105427,
    0.014873960055410862,
    0.009626825340092182,
    0.008574826642870903,
    0.006434804294258356,
    0.03346175327897072,
    0.0029547119047492743,
    0.004991893190890551,
    0.039130304008722305,
    0.007377539295703173,
    0.011899156495928764,
    0.008047441951930523,
    0.003163757734000683,
    0.0032769618555903435,
    0.011893348768353462,
    0.020379988476634026,
    0.014151311479508877,
    0.00623073847964406,
    0.009855118580162525,
    0.00394505774602294,
    0.015089759603142738,
    0.0037205438129603863,
    0.011600833386182785,
    0.01550806313753128,
    0.07082124054431915,
    0.007845683954656124,
    0.011870141141116619,
    0.003868753556162119,
    0.016821518540382385,
    0.00934887956827879,
    0.006978096440434456,
    0.005939608905464411,
    0.006783246528357267,
    0.00536598963662982,
    0.012270883657038212,
    0.007876391522586346,
    0.005190746858716011,
    0.004805346485227346,
    0.002989540807902813,
    0.01010855007916689,
    0.02267662063241005,
    0.019754167646169662,
    0.0031086306553333998,
    0.15022167563438416,
    0.014158223755657673,
    0.013293927535414696,
    0.01858339086174965,
    0.00792267732322216,
    0.014356627129018307,
    0.08643370121717453,
    0.010485597886145115,
    0.011287919245660305,
    0.008331322111189365,
    0.011777766980230808,
    0.003557108575478196,
    0.007420893758535385,
    0.010393843054771423,
    0.030031558126211166,
    0.016932768747210503,
    0.020862650126218796,
    0.01496502012014389,
    0.008558095432817936,
    0.008302895352244377
  ],
  "selected_expert_ids": [
    44,
    50,
    25,
    9,
    6,
    58,
    0,
    41
  ],
  "effective_gate_weights": [
    0.15022167563438416,
    0.08643370121717453,
    0.07082124054431915,
    0.039130304008722305,
    0.03346175327897072,
    0.030031558126211166,
    0.02345435880124569,
    0.02267662063241005
  ],
  "topk_ranks": [
    0,
    1,
    2,
    3,
    4,
    5,
    6,
    7
  ],
  "top1_top2_gap": 0.06378797441720963,
  "routing_entropy": 3.6577746868133545,
  "sample_id": "layer_0_sample_041",
  "microbatch_id": null,
  "sequence_length": 15,
  "all_expert_count": 64,
  "selected_destination_ids": [
    44,
    50,
    25,
    9,
    6,
    58,
    0,
    41
  ],
  "expert_to_destination_map": {},
  "layer_name": "model.layers.0.mlp",
  "run_id": null,
  "mode": "real",
  "all_token_selected_expert_ids": [
    [
      14,
      57,
      33,
      61,
      19,
      7,
      17,
      39
    ],
    [
      14,
      6,
      21,
      33,
      28,
      9,
      39,
      52
    ],
    [
      6,
      35,
      38,
      7,
      21,
      48,
      39,
      43
    ],
    [
      6,
      4,
      32,
      48,
      35,
      5,
      31,
      38
    ],
    [
      60,
      30,
      22,
      6,
      37,
      55,
      51,
      17
    ],
    [
      6,
      51,
      35,
      27,
      1,
      49,
      24,
      59
    ],
    [
      6,
      38,
      59,
      7,
      46,
      39,
      21,
      43
    ],
    [
      6,
      32,
      4,
      5,
      23,
      29,
      21,
      61
    ],
    [
      16,
      50,
      25,
      61,
      6,
      0,
      4,
      44
    ],
    [
      22,
      6,
      46,
      60,
      55,
      21,
      42,
      25
    ],
    [
      16,
      6,
      38,
      43,
      26,
      7,
      21,
      46
    ],
    [
      32,
      6,
      4,
      5,
      26,
      16,
      23,
      38
    ],
    [
      16,
      50,
      6,
      25,
      61,
      0,
      4,
      38
    ],
    [
      44,
      50,
      25,
      9,
      6,
      58,
      0,
      41
    ],
    [
      6,
      60,
      19,
      15,
      39,
      63,
      22,
      56
    ]
  ]
}