{
  "pair_count": 120,
  "model": "full_duplex",
  "expert_compute_delay": 0.0,
  "next_mode": "predicted",
  "traffic_correlation": {
    "mean": 0.7667381189305574,
    "median": 0.7946444641217072,
    "std": 0.11575520663317206,
    "p25": 0.727565734513645,
    "p75": 0.8549120798004104
  },
  "greedy_latency_ms": {
    "mean": 0.5171696345011393,
    "median": 0.48232078552246094,
    "std": 0.08695836455516627,
    "p25": 0.4693269729614258,
    "p75": 0.5354881286621094
  },
  "include_fast_best_of": false,
  "skip_oracle": true,
  "predicted_improvement_vs_traffic_correlation": null,
  "gate2_decision": null,
  "birkhoff_improvement_pct": {
    "mean": 22.92341747193108,
    "median": 22.535211267605636,
    "std": 7.964160015210849,
    "p25": 17.46031746031746,
    "p75": 28.57142857142857
  },
  "birkhoff_effective_improvement_pct": {
    "mean": 22.92341747193108,
    "median": 22.535211267605636,
    "std": 7.964160015210849,
    "p25": 17.46031746031746,
    "p75": 28.57142857142857
  },
  "birkhoff_latency_ms": {
    "mean": 2.5261777763565383,
    "median": 2.379056066274643,
    "std": 0.4775328152939376,
    "p25": 2.251267433166504,
    "p75": 2.743873745203018
  },
  "birkhoff_effective_latency_ms": {
    "mean": 2.5261777763565383,
    "median": 2.379056066274643,
    "std": 0.4775328152939376,
    "p25": 2.251267433166504,
    "p75": 2.743873745203018
  },
  "birkhoff_prediction_aware": false,
  "birkhoff_description": "Per-phase Birkhoff decomposition; next phase does not influence earlier phases.",
  "ibbr_improvement_pct": {
    "mean": 22.92341747193108,
    "median": 22.535211267605636,
    "std": 7.964160015210849,
    "p25": 17.46031746031746,
    "p75": 28.57142857142857
  },
  "ibbr_effective_improvement_pct": {
    "mean": 22.92341747193108,
    "median": 22.535211267605636,
    "std": 7.964160015210849,
    "p25": 17.46031746031746,
    "p75": 28.57142857142857
  },
  "ibbr_latency_ms": {
    "mean": 4.6354564527670545,
    "median": 4.328511655330658,
    "std": 0.9661935168457595,
    "p25": 4.036540165543556,
    "p75": 5.016747862100601
  },
  "ibbr_effective_latency_ms": {
    "mean": 4.6354564527670545,
    "median": 4.328511655330658,
    "std": 0.9661935168457595,
    "p25": 4.036540165543556,
    "p75": 5.016747862100601
  },
  "ibbr_prediction_aware": false,
  "ibbr_description": "Iterated Birkhoff barrier repair.",
  "ejection_chain_tabu_improvement_pct": {
    "mean": 16.373461000498793,
    "median": 16.666666666666664,
    "std": 9.147884660571306,
    "p25": 9.303977272727273,
    "p75": 23.444417117560256
  },
  "ejection_chain_tabu_effective_improvement_pct": {
    "mean": 16.373461000498793,
    "median": 16.666666666666664,
    "std": 9.147884660571306,
    "p25": 9.303977272727273,
    "p75": 23.444417117560256
  },
  "ejection_chain_tabu_latency_ms": {
    "mean": 125.2994438012441,
    "median": 110.12007296085358,
    "std": 71.82803771940873,
    "p25": 102.74168848991394,
    "p75": 120.87066657841206
  },
  "ejection_chain_tabu_effective_latency_ms": {
    "mean": 125.2994438012441,
    "median": 110.12007296085358,
    "std": 71.82803771940873,
    "p25": 102.74168848991394,
    "p75": 120.87066657841206
  },
  "ejection_chain_tabu_prediction_aware": false,
  "ejection_chain_tabu_description": "Cross-phase tabu search with shallow ejection chains.",
  "lns_cp_repair_improvement_pct": {
    "mean": 16.373461000498793,
    "median": 16.666666666666664,
    "std": 9.147884660571306,
    "p25": 9.303977272727273,
    "p75": 23.444417117560256
  },
  "lns_cp_repair_effective_improvement_pct": {
    "mean": 16.373461000498793,
    "median": 16.666666666666664,
    "std": 9.147884660571306,
    "p25": 9.303977272727273,
    "p75": 23.444417117560256
  },
  "lns_cp_repair_latency_ms": {
    "mean": 117.03402840842803,
    "median": 109.61715131998062,
    "std": 44.27657754990186,
    "p25": 102.70102880895138,
    "p75": 119.93100866675377
  },
  "lns_cp_repair_effective_latency_ms": {
    "mean": 117.03402840842803,
    "median": 109.61715131998062,
    "std": 44.27657754990186,
    "p25": 102.70102880895138,
    "p75": 119.93100866675377
  },
  "lns_cp_repair_prediction_aware": false,
  "lns_cp_repair_description": "CP-repair around single-phase bottlenecks.",
  "cp_lpt_improvement_pct": {
    "mean": 0.31867876439601583,
    "median": 1.1904761904761905,
    "std": 9.258082398529995,
    "p25": -6.153846153846154,
    "p75": 6.423611111111111
  },
  "cp_lpt_effective_improvement_pct": {
    "mean": 0.31867876439601583,
    "median": 1.1904761904761905,
    "std": 9.258082398529995,
    "p25": -6.153846153846154,
    "p75": 6.423611111111111
  },
  "cp_lpt_latency_ms": {
    "mean": 2.1372804418206215,
    "median": 2.0225495100021362,
    "std": 0.4204289571566782,
    "p25": 1.9112639129161835,
    "p75": 2.3697111755609512
  },
  "cp_lpt_effective_latency_ms": {
    "mean": 2.1372804418206215,
    "median": 2.0225495100021362,
    "std": 0.4204289571566782,
    "p25": 1.9112639129161835,
    "p75": 2.3697111755609512
  },
  "cp_lpt_prediction_aware": true,
  "cp_lpt_description": "Critical-path LPT using later_work from next phase.",
  "lagrangian_improvement_pct": {
    "mean": 24.166552980772913,
    "median": 23.273809523809526,
    "std": 7.087621726806749,
    "p25": 18.75,
    "p75": 28.754280821917803
  },
  "lagrangian_effective_improvement_pct": {
    "mean": 24.166552980772913,
    "median": 23.273809523809526,
    "std": 7.087621726806749,
    "p25": 18.75,
    "p75": 28.754280821917803
  },
  "lagrangian_latency_ms": {
    "mean": 7.219184127946694,
    "median": 7.5836144387722015,
    "std": 1.0155191650855353,
    "p25": 6.917037069797516,
    "p75": 7.893526926636696
  },
  "lagrangian_effective_latency_ms": {
    "mean": 7.219184127946694,
    "median": 7.5836144387722015,
    "std": 1.0155191650855353,
    "p25": 6.917037069797516,
    "p75": 7.893526926636696
  },
  "lagrangian_prediction_aware": true,
  "lagrangian_description": "Cross-phase Lagrangian ordering using all three phase matrices."
}