{
  "selected_feature_names": [
    "topk_rank"
  ],
  "selected_feature_family": "routing_only",
  "selection_metric": "validation_mae",
  "selection_score": 0.038535529521952584,
  "train_metrics": {
    "mae": 0.036797607318336166,
    "r2": 0.007890117472906022,
    "num_records": 704,
    "feature_names": [
      "topk_rank"
    ],
    "feature_family": "routing_only"
  },
  "validation_metrics": {
    "mae": 0.03789821929430318,
    "r2": -0.013270425016208787,
    "num_records": 160,
    "feature_names": [
      "topk_rank"
    ],
    "feature_family": "routing_only"
  },
  "test_metrics": {
    "mae": 0.014815578457018063,
    "r2": -0.2657886730666623,
    "num_records": 160,
    "feature_names": [
      "topk_rank"
    ],
    "feature_family": "routing_only"
  },
  "train_document_ids": [
    0,
    3,
    4,
    9,
    10,
    11,
    12,
    16,
    18,
    19,
    20,
    21,
    22,
    23,
    24,
    25,
    26,
    28,
    29,
    30,
    31,
    33
  ],
  "validation_document_ids": [
    35,
    36,
    38,
    39,
    41
  ],
  "test_document_ids": [
    42,
    43,
    45,
    46,
    48
  ],
  "candidate_feature_sets": [
    {
      "feature_names": [
        "topk_rank"
      ],
      "feature_family": "routing_only",
      "validation_mae": 0.038535529521952584,
      "validation_r2": -0.026067283260223784,
      "test_mae": 0.015606596731112,
      "test_r2": -0.31603486305525896,
      "train_records": 704,
      "validation_records": 160,
      "test_records": 160
    },
    {
      "feature_names": [
        "topk_rank"
      ],
      "feature_family": "state_like",
      "validation_mae": 0.038535529521952584,
      "validation_r2": -0.026067283260223784,
      "test_mae": 0.015606596731112,
      "test_r2": -0.31603486305525896,
      "train_records": 704,
      "validation_records": 160,
      "test_records": 160
    },
    {
      "feature_names": [
        "effective_gate_weight"
      ],
      "feature_family": "routing_only",
      "validation_mae": 0.039660161409774894,
      "validation_r2": -0.09509819336417125,
      "test_mae": 0.01668159383849995,
      "test_r2": -0.8422695124548496,
      "train_records": 704,
      "validation_records": 160,
      "test_records": 160
    },
    {
      "feature_names": [
        "router_probability"
      ],
      "feature_family": "routing_only",
      "validation_mae": 0.039660161409774894,
      "validation_r2": -0.09509819336417125,
      "test_mae": 0.01668159383849995,
      "test_r2": -0.8422695124548496,
      "train_records": 704,
      "validation_records": 160,
      "test_records": 160
    },
    {
      "feature_names": [
        "effective_gate_weight",
        "topk_rank"
      ],
      "feature_family": "routing_only",
      "validation_mae": 0.03975428991498576,
      "validation_r2": -0.12226187640875463,
      "test_mae": 0.020558099035225624,
      "test_r2": -1.5165346544874794,
      "train_records": 704,
      "validation_records": 160,
      "test_records": 160
    },
    {
      "feature_names": [
        "router_probability",
        "topk_rank"
      ],
      "feature_family": "routing_only",
      "validation_mae": 0.03975428991498576,
      "validation_r2": -0.12226187640875463,
      "test_mae": 0.020558099035225624,
      "test_r2": -1.5165346544874794,
      "train_records": 704,
      "validation_records": 160,
      "test_records": 160
    },
    {
      "feature_names": [
        "topk_rank",
        "layer_id"
      ],
      "feature_family": "state_like",
      "validation_mae": 0.04121395866144727,
      "validation_r2": -0.14492531191629854,
      "test_mae": 0.020401645674548975,
      "test_r2": -1.5718220675953103,
      "train_records": 704,
      "validation_records": 160,
      "test_records": 160
    },
    {
      "feature_names": [
        "expert_id"
      ],
      "feature_family": "state_like",
      "validation_mae": 0.04199160602851819,
      "validation_r2": -0.12626514459235816,
      "test_mae": 0.025256613216890194,
      "test_r2": -2.7736270575793087,
      "train_records": 704,
      "validation_records": 160,
      "test_records": 160
    },
    {
      "feature_names": [
        "layer_id"
      ],
      "feature_family": "state_like",
      "validation_mae": 0.04237438260193854,
      "validation_r2": -0.11818281680743681,
      "test_mae": 0.01893271967206216,
      "test_r2": -0.8667349947327714,
      "train_records": 704,
      "validation_records": 160,
      "test_records": 160
    },
    {
      "feature_names": [
        "effective_gate_weight",
        "topk_rank",
        "layer_id"
      ],
      "feature_family": "state_like",
      "validation_mae": 0.04253686467171332,
      "validation_r2": -0.27670960692392477,
      "test_mae": 0.0215217275572497,
      "test_r2": -1.7485696640926163,
      "train_records": 704,
      "validation_records": 160,
      "test_records": 160
    },
    {
      "feature_names": [
        "effective_gate_weight",
        "topk_rank",
        "layer_id"
      ],
      "feature_family": "combined",
      "validation_mae": 0.04253686467171332,
      "validation_r2": -0.27670960692392477,
      "test_mae": 0.0215217275572497,
      "test_r2": -1.7485696640926163,
      "train_records": 704,
      "validation_records": 160,
      "test_records": 160
    },
    {
      "feature_names": [
        "router_probability",
        "topk_rank",
        "layer_id"
      ],
      "feature_family": "combined",
      "validation_mae": 0.04253686467171332,
      "validation_r2": -0.27670960692392477,
      "test_mae": 0.0215217275572497,
      "test_r2": -1.7485696640926163,
      "train_records": 704,
      "validation_records": 160,
      "test_records": 160
    },
    {
      "feature_names": [
        "routing_entropy"
      ],
      "feature_family": "routing_only",
      "validation_mae": 0.04273712575874346,
      "validation_r2": -0.15502754570722543,
      "test_mae": 0.02279928656075982,
      "test_r2": -1.3519361441744877,
      "train_records": 704,
      "validation_records": 160,
      "test_records": 160
    },
    {
      "feature_names": [
        "layer_id",
        "expert_id"
      ],
      "feature_family": "state_like",
      "validation_mae": 0.0443211306380056,
      "validation_r2": -0.229880468578876,
      "test_mae": 0.025968092133903886,
      "test_r2": -3.389112567328966,
      "train_records": 704,
      "validation_records": 160,
      "test_records": 160
    },
    {
      "feature_names": [
        "effective_gate_weight",
        "abs_router_logit",
        "topk_rank"
      ],
      "feature_family": "routing_only",
      "validation_mae": 0.04436942697732888,
      "validation_r2": -0.237315406625759,
      "test_mae": 0.025323512839115818,
      "test_r2": -2.4609320102970877,
      "train_records": 704,
      "validation_records": 160,
      "test_records": 160
    },
    {
      "feature_names": [
        "effective_gate_weight",
        "topk_rank",
        "expert_id"
      ],
      "feature_family": "state_like",
      "validation_mae": 0.044793416722015866,
      "validation_r2": -0.5360406520598182,
      "test_mae": 0.023236854097089275,
      "test_r2": -2.9735510346491845,
      "train_records": 704,
      "validation_records": 160,
      "test_records": 160
    },
    {
      "feature_names": [
        "effective_gate_weight",
        "topk_rank",
        "expert_id"
      ],
      "feature_family": "combined",
      "validation_mae": 0.044793416722015866,
      "validation_r2": -0.5360406520598182,
      "test_mae": 0.023236854097089275,
      "test_r2": -2.9735510346491845,
      "train_records": 704,
      "validation_records": 160,
      "test_records": 160
    },
    {
      "feature_names": [
        "router_probability",
        "topk_rank",
        "expert_id"
      ],
      "feature_family": "combined",
      "validation_mae": 0.044793416722015866,
      "validation_r2": -0.5360406520598182,