{
  "layer_path": "model.layers.15.mlp",
  "layer_id": 15,
  "token_pos": 18,
  "target_token_id": 4395,
  "target_token_text": " moved",
  "next_token_id": 34065,
  "next_token_text": " unexpectedly",
  "router_logits": [
    -2.8671875,
    -2.7421875,
    -0.5537109375,
    -0.348388671875,
    -2.587890625,
    -3.62890625,
    -2.5546875,
    -0.888671875,
    -1.01953125,
    -3.19921875,
    -3.20703125,
    -3.876953125,
    -3.01953125,
    -3.0078125,
    -2.58984375,
    -1.8173828125,
    -2.796875,
    -0.281982421875,
    -2.166015625,
    -3.83203125,
    -1.2998046875,
    -1.1787109375,
    0.192138671875,
    -2.3046875,
    -1.904296875,
    -1.2431640625,
    -0.38916015625,
    -1.4580078125,
    -1.3037109375,
    -2.18359375,
    -0.128173828125,
    -2.591796875,
    -3.173828125,
    -4.140625,
    -0.87548828125,
    -3.001953125,
    -2.330078125,
    -3.2890625,
    -1.345703125,
    -2.251953125,
    -2.89453125,
    -3.28515625,
    -2.513671875,
    -3.12890625,
    -1.673828125,
    -2.248046875,
    -3.78515625,
    -1.82421875,
    -0.72021484375,
    -1.7880859375,
    -3.01953125,
    -1.390625,
    -2.28125,
    -2.912109375,
    -1.763671875,
    -1.9091796875,
    -0.51025390625,
    -2.791015625,
    -1.4892578125,
    -1.80078125,
    -2.751953125,
    -2.23046875,
    -2.33203125,
    -2.4609375
  ],
  "router_probabilities": [
    0.004416606854647398,
    0.005004670936614275,
    0.04464973136782646,
    0.05482633039355278,
    0.0058396365493535995,
    0.0020619516726583242,
    0.006036785896867514,
    0.031940899789333344,
    0.028023065999150276,
    0.0031687605660408735,
    0.0031441007740795612,
    0.0016089892014861107,
    0.003792509436607361,
    0.0038372145500034094,
    0.0058282422833144665,
    0.01261865720152855,
    0.004738327581435442,
    0.05859074741601944,
    0.008904382586479187,
    0.0016829159576445818,
    0.021173587068915367,
    0.023899279534816742,
    0.09413198381662369,
    0.007751386146992445,
    0.011568227782845497,
    0.02240748703479767,
    0.052635934203863144,
    0.01807539165019989,
    0.0210910402238369,
    0.008749227970838547,
    0.0683324858546257,
    0.005816870369017124,
    0.003250247100368142,
    0.0012360665714368224,
    0.03236478567123413,
    0.0038597641978412867,
    0.007557051721960306,
    0.0028964814264327288,
    0.020223718136548996,
    0.008171120658516884,
    0.004297476261854172,
    0.0029078179504722357,
    0.0062895361334085464,
    0.003399583511054516,
    0.01456659846007824,
    0.008203101344406605,
    0.0017636808333918452,
    0.012532689608633518,
    0.037801336497068405,
    0.012993812561035156,
    0.003792509436607361,
    0.01933533325791359,
    0.007935205474495888,
    0.0042225951328873634,
    0.013314948417246342,
    0.011511879973113537,
    0.04663285240530968,
    0.004766172729432583,
    0.0175192691385746,
    0.012829894199967384,
    0.0049560354091227055,
    0.008348572067916393,
    0.007542306091636419,
    0.006630111951380968
  ],
  "selected_expert_ids": [
    22,
    30,
    17,
    3,
    26,
    56,
    2,
    48
  ],
  "effective_gate_weights": [
    0.09413198381662369,
    0.0683324858546257,
    0.05859074741601944,
    0.05482633039355278,
    0.052635934203863144,
    0.04663285240530968,
    0.04464973136782646,
    0.037801336497068405
  ],
  "topk_ranks": [
    0,
    1,
    2,
    3,
    4,
    5,
    6,
    7
  ],
  "top1_top2_gap": 0.025799497961997986,
  "routing_entropy": 3.6520204544067383,
  "sample_id": "layer_15_sample_042",
  "microbatch_id": null,
  "sequence_length": 20,
  "all_expert_count": 64,
  "selected_destination_ids": [
    22,
    30,
    17,
    3,
    26,
    56,
    2,
    48
  ],
  "expert_to_destination_map": {},
  "layer_name": "model.layers.15.mlp",
  "run_id": null,
  "mode": "real",
  "all_token_selected_expert_ids": [
    [
      22,
      23,
      63,
      31,
      8,
      5,
      42,
      44
    ],
    [
      58,
      8,
      52,
      60,
      30,
      9,
      24,
      17
    ],
    [
      30,
      17,
      58,
      28,
      8,
      52,
      34,
      2
    ],
    [
      29,
      30,
      1,
      60,
      58,
      34,
      17,
      3
    ],
    [
      30,
      17,
      28,
      3,
      58,
      54,
      34,
      36
    ],
    [
      30,
      56,
      61,
      3,
      21,
      17,
      7,
      34
    ],
    [
      17,
      3,
      30,
      53,
      55,
      21,
      34,
      36
    ],
    [
      2,
      17,
      47,
      15,
      3,
      30,
      34,
      62
    ],
    [
      30,
      3,
      47,
      17,
      58,
      27,
      26,
      34
    ],
    [
      30,
      17,
      3,
      58,
      36,
      34,
      44,
      8
    ],
    [
      1,
      29,
      17,
      30,
      3,
      58,
      34,
      60
    ],
    [
      54,
      3,
      13,
      46,
      10,
      28,
      17,
      48
    ],
    [
      3,
      17,
      56,
      48,
      30,
      22,
      58,
      24
    ],
    [
      47,
      55,
      3,
      17,
      21,
      26,
      30,
      20
    ],
    [
      30,
      3,
      17,
      27,
      58,
      47,
      34,
      60
    ],
    [
      30,
      17,
      27,
      56,
      34,
      58,
      3,
      8
    ],
    [
      30,
      20,
      55,
      27,
      21,
      7,
      34,
      3
    ],
    [
      30,
      54,
      28,
      17,
      58,
      34,
      10,
      13
    ],
    [
      22,
      30,
      17,
      3,
      26,
      56,
      2,
      48
    ],
    [
      2,
      48,
      15,
      62,
      47,
      22,
      3,
      30
    ]
  ]
}