{
  "layer_path": "model.layers.15.mlp",
  "layer_id": 15,
  "token_pos": 17,
  "target_token_id": 20384,
  "target_token_text": " restoration",
  "next_token_id": 7211,
  "next_token_text": " notes",
  "router_logits": [
    -2.234375,
    -3.078125,
    -0.392578125,
    -2.451171875,
    -3.185546875,
    -0.37744140625,
    -2.478515625,
    -1.47265625,
    -1.59375,
    -3.369140625,
    -3.275390625,
    -3.361328125,
    -2.62890625,
    -3.0703125,
    -1.6181640625,
    -2.72265625,
    -3.15234375,
    -1.517578125,
    -1.607421875,
    -1.556640625,
    -1.1796875,
    -1.0595703125,
    -1.4345703125,
    0.430419921875,
    -1.7119140625,
    0.2259521484375,
    -0.262451171875,
    -0.806640625,
    -1.9208984375,
    -2.123046875,
    -2.03515625,
    -1.861328125,
    -2.91015625,
    -3.06640625,
    -1.0859375,
    -2.859375,
    -2.8984375,
    -2.76171875,
    -0.798828125,
    -1.3310546875,
    -0.88427734375,
    -2.126953125,
    0.01904296875,
    -2.826171875,
    -2.4921875,
    -1.5849609375,
    -3.91796875,
    -2.021484375,
    -2.59765625,
    -1.65234375,
    -2.865234375,
    -0.72607421875,
    -1.455078125,
    -2.8203125,
    -0.7734375,
    -0.98291015625,
    -2.986328125,
    -3.34375,
    -2.5546875,
    -1.810546875,
    -3.1171875,
    -3.0390625,
    -3.271484375,
    -2.525390625
  ],
  "router_probabilities": [
    0.007231689058244228,
    0.003110310761258006,
    0.045616500079631805,
    0.005822185892611742,
    0.002793515333905816,
    0.04631223902106285,
    0.005665142089128494,
    0.01548994891345501,
    0.013723335228860378,
    0.0023249697405844927,
    0.002553479513153434,
    0.0023432045709341764,
    0.004874128848314285,
    0.003134705126285553,
    0.013392348773777485,
    0.0044379448518157005,
    0.0028878257144242525,
    0.014809509739279747,
    0.013536986894905567,
    0.014242165721952915,
    0.020762741565704346,
    0.023412669077515602,
    0.016091275960206985,
    0.10388323664665222,
    0.012193872593343258,
    0.08467325568199158,
    0.05195595696568489,
    0.03015066683292389,
    0.009894204325973988,
    0.008083304390311241,
    0.008825907483696938,
    0.010501514188945293,
    0.003679185640066862,
    0.0031469741370528936,
    0.0228034108877182,
    0.003870844142511487,
    0.003722554538398981,
    0.004267930053174496,
    0.030387138947844505,
    0.0178462415933609,
    0.027898425236344337,
    0.008051790297031403,
    0.06884726881980896,
    0.004001525696367025,
    0.005588216241449118,
    0.01384448166936636,
    0.0013429636601358652,
    0.008947402238845825,
    0.005028850398957729,
    0.01294233649969101,
    0.003848229767754674,
    0.03268033266067505,
    0.015764640644192696,
    0.004025041125714779,
    0.031168567016720772,
    0.02527807652950287,
    0.003409342607483268,
    0.0023847578559070826,
    0.005249643232673407,
    0.011048567481338978,
    0.002991156652569771,
    0.003234211355447769,
    0.002563473768532276,
    0.005405716132372618
  ],
  "selected_expert_ids": [
    23,
    25,
    42,
    26,
    5,
    2,
    51,
    54
  ],
  "effective_gate_weights": [
    0.10388323664665222,
    0.08467325568199158,
    0.06884726881980896,
    0.05195595696568489,
    0.04631223902106285,
    0.045616500079631805,
    0.03268033266067505,
    0.031168567016720772
  ],
  "topk_ranks": [
    0,
    1,
    2,
    3,
    4,
    5,
    6,
    7
  ],
  "top1_top2_gap": 0.019209980964660645,
  "routing_entropy": 3.61775541305542,
  "sample_id": "layer_15_sample_035",
  "microbatch_id": null,
  "sequence_length": 19,
  "all_expert_count": 64,
  "selected_destination_ids": [
    23,
    25,
    42,
    26,
    5,
    2,
    51,
    54
  ],
  "expert_to_destination_map": {},
  "layer_name": "model.layers.15.mlp",
  "run_id": null,
  "mode": "real",
  "all_token_selected_expert_ids": [
    [
      55,
      21,
      20,
      63,
      7,
      14,
      52,
      40
    ],
    [
      40,
      54,
      23,
      28,
      13,
      10,
      46,
      45
    ],
    [
      31,
      57,
      43,
      0,
      36,
      6,
      41,
      35
    ],
    [
      16,
      40,
      54,
      28,
      46,
      13,
      10,
      60
    ],
    [
      56,
      7,
      38,
      3,
      26,
      22,
      61,
      27
    ],
    [
      20,
      55,
      7,
      21,
      27,
      26,
      38,
      14
    ],
    [
      20,
      55,
      21,
      7,
      38,
      26,
      27,
      39
    ],
    [
      23,
      45,
      54,
      15,
      62,
      13,
      10,
      2
    ],
    [
      45,
      26,
      56,
      7,
      61,
      48,
      39,
      27
    ],
    [
      55,
      21,
      26,
      7,
      45,
      20,
      14,
      27
    ],
    [
      23,
      45,
      54,
      15,
      2,
      62,
      26,
      13
    ],
    [
      46,
      13,
      45,
      10,
      28,
      56,
      11,
      24
    ],
    [
      26,
      56,
      7,
      21,
      22,
      49,
      61,
      20
    ],
    [
      54,
      2,
      19,
      15,
      16,
      23,
      62,
      9
    ],
    [
      7,
      56,
      21,
      49,
      26,
      27,
      61,
      25
    ],
    [
      43,
      31,
      57,
      0,
      23,
      36,
      41,
      40
    ],
    [
      55,
      7,
      21,
      27,
      26,
      49,
      20,
      25
    ],
    [
      23,
      25,
      42,
      26,
      5,
      2,
      51,
      54
    ],
    [
      54,
      15,
      13,
      62,
      10,
      46,
      45,
      23
    ]
  ]
}