{
  "layer_path": "model.layers.15.mlp",
  "layer_id": 15,
  "token_pos": 14,
  "target_token_id": 4831,
  "target_token_text": " demand",
  "next_token_id": 43942,
  "next_token_text": " forecasts",
  "router_logits": [
    -2.396484375,
    -2.92578125,
    0.0692138671875,
    -2.46484375,
    -2.48828125,
    -0.25390625,
    -2.869140625,
    -2.208984375,
    -2.05859375,
    -2.6875,
    -2.978515625,
    -3.6328125,
    -2.626953125,
    -2.720703125,
    -3.10546875,
    -1.896484375,
    -3.115234375,
    -1.5576171875,
    -1.5673828125,
    -2.087890625,
    -1.5458984375,
    -1.484375,
    -1.1669921875,
    0.1766357421875,
    -1.16015625,
    0.166748046875,
    -1.12109375,
    -1.8369140625,
    -1.6552734375,
    -2.0546875,
    -2.1328125,
    -2.169921875,
    -3.365234375,
    -3.1953125,
    -1.5693359375,
    -2.673828125,
    -2.6015625,
    -2.91796875,
    -1.92578125,
    -2.287109375,
    -1.572265625,
    -2.3671875,
    0.331298828125,
    -2.564453125,
    -2.541015625,
    -3.013671875,
    -3.642578125,
    -1.55859375,
    -2.201171875,
    -2.080078125,
    -2.33203125,
    0.54931640625,
    -1.2197265625,
    -2.55859375,
    -0.032501220703125,
    -1.525390625,
    -3.455078125,
    -2.71875,
    -2.189453125,
    -1.798828125,
    -3.189453125,
    -2.484375,
    -2.669921875,
    -3.056640625
  ],
  "router_probabilities": [
    0.0060292743146419525,
    0.0035513569600880146,
    0.07097479701042175,
    0.005630888510495424,
    0.00550044933333993,
    0.05137772485613823,
    0.0037583138328045607,
    0.007272692862898111,
    0.008452964946627617,
    0.004506906494498253,
    0.003368930658325553,
    0.0017511951737105846,
    0.004788216203451157,
    0.004359720274806023,
    0.0029672698583453894,
    0.00994059257209301,
    0.002938433550298214,
    0.013950199820101261,
    0.01381462998688221,
    0.00820891186594963,
    0.014114640653133392,
    0.0150102898478508,
    0.020617058500647545,
    0.07902362197637558,
    0.020758477970957756,
    0.078246109187603,
    0.02158540114760399,
    0.010550749488174915,
    0.012652282603085041,
    0.008486048318445683,
    0.007848313078284264,
    0.007562404032796621,
    0.002288454445078969,
    0.00271230423822999,
    0.013787674717605114,
    0.004568947479128838,
    0.004911348689347506,
    0.0035792107228189707,
    0.009653588756918907,
    0.006726141553372145,
    0.013747340999543667,
    0.006208525970578194,
    0.09224147349596024,
    0.005097029265016317,
    0.005217901896685362,
    0.0032525495626032352,
    0.0017341769998893142,
    0.013936582952737808,
    0.0073297335766255856,
    0.008273296058177948,
    0.00643067667260766,
    0.11471232026815414,
    0.019558001309633255,
    0.0051269824616611,
    0.06411059945821762,
    0.014407088980078697,
    0.0020918166264891624,
    0.0043682437390089035,
    0.007416134234517813,
    0.010960335843265057,
    0.0027282433584332466,
    0.005521977320313454,
    0.004586829803884029,
    0.0031157515477389097
  ],
  "selected_expert_ids": [
    51,
    42,
    23,
    25,
    2,
    54,
    5,
    26
  ],
  "effective_gate_weights": [
    0.11471232026815414,
    0.09224147349596024,
    0.07902362197637558,
    0.078246109187603,
    0.07097479701042175,
    0.06411059945821762,
    0.05137772485613823,
    0.02158540114760399
  ],
  "topk_ranks": [
    0,
    1,
    2,
    3,
    4,
    5,
    6,
    7
  ],
  "top1_top2_gap": 0.02247084677219391,
  "routing_entropy": 3.4734151363372803,
  "sample_id": "layer_15_sample_034",
  "microbatch_id": null,
  "sequence_length": 16,
  "all_expert_count": 64,
  "selected_destination_ids": [
    51,
    42,
    23,
    25,
    2,
    54,
    5,
    26
  ],
  "expert_to_destination_map": {},
  "layer_name": "model.layers.15.mlp",
  "run_id": null,
  "mode": "real",
  "all_token_selected_expert_ids": [
    [
      20,
      36,
      0,
      53,
      41,
      63,
      24,
      35
    ],
    [
      5,
      42,
      51,
      20,
      25,
      55,
      21,
      7
    ],
    [
      54,
      51,
      46,
      40,
      10,
      13,
      24,
      28
    ],
    [
      51,
      56,
      25,
      49,
      61,
      7,
      48,
      27
    ],
    [
      51,
      61,
      56,
      25,
      7,
      49,
      21,
      27
    ],
    [
      51,
      55,
      7,
      25,
      21,
      49,
      42,
      26
    ],
    [
      51,
      42,
      25,
      55,
      21,
      7,
      5,
      20
    ],
    [
      51,
      54,
      28,
      23,
      13,
      42,
      10,
      25
    ],
    [
      51,
      25,
      61,
      7,
      56,
      22,
      21,
      49
    ],
    [
      51,
      63,
      55,
      7,
      25,
      21,
      20,
      49
    ],
    [
      54,
      15,
      62,
      51,
      13,
      10,
      2,
      25
    ],
    [
      51,
      61,
      7,
      25,
      56,
      21,
      49,
      48
    ],
    [
      63,
      51,
      62,
      15,
      45,
      48,
      25,
      20
    ],
    [
      51,
      25,
      55,
      7,
      21,
      49,
      63,
      42
    ],
    [
      51,
      42,
      23,
      25,
      2,
      54,
      5,
      26
    ],
    [
      2,
      15,
      51,
      54,
      47,
      62,
      24,
      16
    ]
  ]
}