{
  "layer_path": "model.layers.15.mlp",
  "layer_id": 15,
  "token_pos": 23,
  "target_token_id": 2693,
  "target_token_text": "09",
  "next_token_id": 62,
  "next_token_text": "]",
  "router_logits": [
    -1.9990234375,
    -2.435546875,
    -2.796875,
    0.145263671875,
    -2.69921875,
    -2.345703125,
    -1.376953125,
    -4.5703125,
    -1.02734375,
    -2.427734375,
    -4.28515625,
    -2.28515625,
    -2.095703125,
    -4.2421875,
    -3.974609375,
    -4.2109375,
    -2.06640625,
    -0.0841064453125,
    -2.037109375,
    -2.1796875,
    -2.38671875,
    -4.15234375,
    -2.47265625,
    -3.345703125,
    -1.5859375,
    -4.10546875,
    -3.486328125,
    -3.64453125,
    -2.869140625,
    -2.53515625,
    -1.53125,
    -2.162109375,
    -2.748046875,
    -2.169921875,
    -2.693359375,
    -1.478515625,
    -0.09698486328125,
    -2.4453125,
    -2.96484375,
    -3.185546875,
    -2.791015625,
    -2.2734375,
    -3.490234375,
    -1.79296875,
    0.0887451171875,
    -3.630859375,
    -4.484375,
    -3.232421875,
    -3.423828125,
    -3.70703125,
    -2.5703125,
    -2.78125,
    -2.3203125,
    -0.62548828125,
    -4.5390625,
    -3.87109375,
    -4.40234375,
    -0.96533203125,
    -1.8212890625,
    -2.91015625,
    -2.447265625,
    -4.87109375,
    -4.37109375,
    -3.044921875
  ],
  "router_probabilities": [
    0.014144478365778923,
    0.009141284041106701,
    0.006369192618876696,
    0.12073661386966705,
    0.007022568490356207,
    0.010000595822930336,
    0.026348059996962547,
    0.0010811607353389263,
    0.0373750738799572,
    0.009212980046868324,
    0.0014379111817106605,
    0.010624806396663189,
    0.012841018848121166,
    0.0015010430943220854,
    0.0019615567289292812,
    0.0015486913034692407,
    0.013222785666584969,
    0.09598974138498306,
    0.01361590251326561,
    0.011806618422269821,
    0.00959871243685484,
    0.001642146147787571,
    0.008808273822069168,
    0.0036790133453905582,
    0.021379023790359497,
    0.001720954431220889,
    0.0031963824294507504,
    0.002728676190599799,
    0.005925156641751528,
    0.008274607360363007,
    0.022580748423933983,
    0.01201599184423685,
    0.0066879065707325935,
    0.011922482401132584,
    0.007063837256282568,
    0.02380348928272724,
    0.09476146847009659,
    0.009052448906004429,
    0.005384389776736498,
    0.004318037070333958,
    0.006406622007489204,
    0.01075004879385233,
    0.003183920867741108,
    0.01738102361559868,
    0.11410200595855713,
    0.0027662382926791906,
    0.0011781821958720684,
    0.004120299592614174,
    0.0034025313798338175,
    0.002563354093581438,
    0.007988757453858852,
    0.0064694928005337715,
    0.01025776844471693,
    0.05586060881614685,
    0.0011154805542901158,
    0.002175490139052272,
    0.0012789047323167324,
    0.039766136556863785,
    0.01689569279551506,
    0.005687049124389887,
    0.009034785442054272,
    0.0008003180846571922,
    0.0013195015490055084,
    0.004970030393451452
  ],
  "selected_expert_ids": [
    3,
    44,
    17,
    36,
    53,
    57,
    8,
    6
  ],
  "effective_gate_weights": [
    0.12073661386966705,
    0.11410200595855713,
    0.09598974138498306,
    0.09476146847009659,
    0.05586060881614685,
    0.039766136556863785,
    0.0373750738799572,
    0.026348059996962547
  ],
  "topk_ranks": [
    0,
    1,
    2,
    3,
    4,
    5,
    6,
    7
  ],
  "top1_top2_gap": 0.006634607911109924,
  "routing_entropy": 3.3787240982055664,
  "sample_id": "layer_15_sample_045",
  "microbatch_id": null,
  "sequence_length": 25,
  "all_expert_count": 64,
  "selected_destination_ids": [
    3,
    44,
    17,
    36,
    53,
    57,
    8,
    6
  ],
  "expert_to_destination_map": {},
  "layer_name": "model.layers.15.mlp",
  "run_id": null,
  "mode": "real",
  "all_token_selected_expert_ids": [
    [
      30,
      8,
      23,
      5,
      0,
      40,
      31,
      41
    ],
    [
      30,
      8,
      17,
      58,
      2,
      28,
      36,
      24
    ],
    [
      30,
      8,
      58,
      3,
      60,
      17,
      24,
      52
    ],
    [
      36,
      24,
      30,
      35,
      0,
      28,
      8,
      58
    ],
    [
      1,
      30,
      8,
      29,
      58,
      36,
      60,
      17
    ],
    [
      36,
      44,
      3,
      30,
      17,
      53,
      8,
      58
    ],
    [
      30,
      58,
      17,
      8,
      3,
      60,
      36,
      1
    ],
    [
      3,
      36,
      44,
      17,
      53,
      30,
      8,
      57
    ],
    [
      17,
      3,
      60,
      58,
      30,
      8,
      24,
      36
    ],
    [
      3,
      36,
      17,
      44,
      53,
      30,
      8,
      6
    ],
    [
      30,
      8,
      17,
      58,
      60,
      34,
      20,
      24
    ],
    [
      44,
      17,
      36,
      8,
      30,
      58,
      35,
      34
    ],
    [
      1,
      17,
      30,
      58,
      29,
      3,
      8,
      60
    ],
    [
      44,
      36,
      17,
      53,
      3,
      6,
      30,
      35
    ],
    [
      3,
      1,
      36,
      60,
      17,
      57,
      8,
      24
    ],
    [
      3,
      36,
      17,
      24,
      53,
      44,
      8,
      58
    ],
    [
      17,
      58,
      3,
      30,
      24,
      8,
      60,
      18
    ],
    [
      36,
      6,
      53,
      57,
      24,
      11,
      35,
      3
    ],
    [
      3,
      1,
      60,
      17,
      29,
      36,
      24,
      57
    ],
    [
      3,
      36,
      44,
      17,
      53,
      24,
      57,
      35
    ],
    [
      17,
      58,
      3,
      30,
      24,
      8,
      18,
      60
    ],
    [
      6,
      36,
      53,
      57,
      35,
      11,
      43,
      3
    ],
    [
      3,
      1,
      60,
      17,
      29,
      24,
      36,
      48
    ],
    [
      3,
      44,
      17,
      36,
      53,
      57,
      8,
      6
    ],
    [
      30,
      8,
      17,
      44,
      58,
      36,
      24,
      60
    ]
  ]
}