{
  "layer_path": "model.layers.15.mlp",
  "layer_id": 15,
  "token_pos": 18,
  "target_token_id": 1305,
  "target_token_text": " dep",
  "next_token_id": 302,
  "next_token_text": "ot",
  "router_logits": [
    1.1572265625,
    -2.896484375,
    -3.267578125,
    -2.169921875,
    -3.60546875,
    -2.9140625,
    -0.5244140625,
    -3.998046875,
    -3.759765625,
    -4.59765625,
    -4.8359375,
    -3.134765625,
    -3.158203125,
    -4.671875,
    -4.46484375,
    -4.4921875,
    -2.6171875,
    -2.478515625,
    -4.03515625,
    -3.60546875,
    -2.62890625,
    -3.529296875,
    -2.4921875,
    -1.1611328125,
    -2.23046875,
    -3.650390625,
    -2.90234375,
    -3.78515625,
    -3.337890625,
    -1.96875,
    -2.880859375,
    2.08984375,
    -4.328125,
    -5.16015625,
    -4.05859375,
    0.63916015625,
    1.1181640625,
    -3.787109375,
    -2.859375,
    -3.78125,
    -2.939453125,
    -0.1514892578125,
    -3.396484375,
    1.8271484375,
    -3.259765625,
    -3.421875,
    -4.95703125,
    -4.36328125,
    -3.248046875,
    -3.66015625,
    -3.583984375,
    -3.41015625,
    -3.533203125,
    -0.3828125,
    -4.51171875,
    -3.412109375,
    -4.12109375,
    1.9853515625,
    -3.681640625,
    -4.51171875,
    -3.23046875,
    -4.48828125,
    -4.51171875,
    -3.0078125
  ],
  "router_probabilities": [
    0.09318851679563522,
    0.00161755143199116,
    0.0011160769499838352,
    0.003345031291246414,
    0.0007960679358802736,
    0.0015893663512542844,
    0.017339443787932396,
    0.0005375954788178205,
    0.0006822441355325282,
    0.0002951539063360542,
    0.00023257569409906864,
    0.001274599926546216,
    0.001245073857717216,
    0.00027404114371165633,
    0.00033707634429447353,
    0.0003279843076597899,
    0.002138726180419326,
    0.002456855494529009,
    0.0005180112784728408,
    0.0007960679358802736,
    0.0021138093434274197,
    0.0008590751094743609,
    0.002423494588583708,
    0.009173006750643253,
    0.003148509655147791,
    0.000761098344810307,
    0.0016081014182418585,
    0.000665139639750123,
    0.0010402981424704194,
    0.00409042090177536,
    0.0016430242685601115,
    0.23680610954761505,
    0.00038645995664410293,
    0.00016817363211885095,
    0.0005060115363448858,
    0.055509716272354126,
    0.08961851894855499,
    0.0006638417835347354,
    0.001678705564700067,
    0.0006677429191768169,
    0.0015495194820687175,
    0.02517644129693508,
    0.0009810945484787226,
    0.18209825456142426,
    0.001124830450862646,
    0.0009564975625835359,
    0.00020605063764378428,
    0.0003731095348484814,
    0.0011380895739421248,
    0.0007537019555456936,
    0.0008133559604175389,
    0.0009677724447101355,
    0.0008557258988730609,
    0.019977077841758728,
    0.00032164048752747476,
    0.0009658840717747808,
    0.00047535388148389757,
    0.2133106291294098,
    0.0007376818684861064,
    0.00032164048752747476,
    0.0011582720326259732,
    0.0003292679903097451,
    0.00032164048752747476,
    0.0014471346512436867
  ],
  "selected_expert_ids": [
    31,
    57,
    43,
    0,
    36,
    35,
    41,
    53
  ],
  "effective_gate_weights": [
    0.23680610954761505,
    0.2133106291294098,
    0.18209825456142426,
    0.09318851679563522,
    0.08961851894855499,
    0.055509716272354126,
    0.02517644129693508,
    0.019977077841758728
  ],
  "topk_ranks": [
    0,
    1,
    2,
    3,
    4,
    5,
    6,
    7
  ],
  "top1_top2_gap": 0.02349548041820526,
  "routing_entropy": 2.243424892425537,
  "sample_id": "layer_15_sample_030",
  "microbatch_id": null,
  "sequence_length": 20,
  "all_expert_count": 64,
  "selected_destination_ids": [
    31,
    57,
    43,
    0,
    36,
    35,
    41,
    53
  ],
  "expert_to_destination_map": {},
  "layer_name": "model.layers.15.mlp",
  "run_id": null,
  "mode": "real",
  "all_token_selected_expert_ids": [
    [
      55,
      21,
      20,
      63,
      7,
      14,
      52,
      40
    ],
    [
      42,
      25,
      54,
      28,
      23,
      51,
      34,
      5
    ],
    [
      54,
      46,
      13,
      10,
      40,
      28,
      16,
      51
    ],
    [
      29,
      46,
      6,
      31,
      10,
      13,
      36,
      51
    ],
    [
      57,
      43,
      31,
      32,
      36,
      0,
      22,
      23
    ],
    [
      7,
      56,
      26,
      51,
      25,
      21,
      27,
      48
    ],
    [
      15,
      54,
      2,
      62,
      23,
      51,
      48,
      45
    ],
    [
      61,
      56,
      25,
      7,
      26,
      49,
      48,
      51
    ],
    [
      20,
      7,
      55,
      26,
      21,
      25,
      49,
      51
    ],
    [
      20,
      55,
      40,
      25,
      26,
      7,
      21,
      49
    ],
    [
      54,
      13,
      28,
      10,
      46,
      23,
      51,
      2
    ],
    [
      25,
      22,
      56,
      61,
      7,
      26,
      51,
      21
    ],
    [
      7,
      55,
      21,
      26,
      27,
      49,
      51,
      25
    ],
    [
      54,
      22,
      45,
      62,
      2,
      23,
      15,
      4
    ],
    [
      4,
      46,
      45,
      10,
      13,
      48,
      63,
      56
    ],
    [
      22,
      48,
      54,
      2,
      23,
      45,
      15,
      62
    ],
    [
      48,
      56,
      26,
      7,
      49,
      61,
      27,
      21
    ],
    [
      48,
      55,
      7,
      21,
      49,
      26,
      20,
      27
    ],
    [
      31,
      57,
      43,
      0,
      36,
      35,
      41,
      53
    ],
    [
      23,
      48,
      2,
      54,
      40,
      26,
      27,
      25
    ]
  ]
}