{
  "layer_path": "model.layers.15.mlp",
  "layer_id": 15,
  "token_pos": 15,
  "target_token_id": 1072,
  "target_token_text": " same",
  "next_token_id": 8959,
  "next_token_text": " prompt",
  "router_logits": [
    -2.287109375,
    -2.05078125,
    -2.80078125,
    -1.39453125,
    -2.32421875,
    -2.31640625,
    -1.4599609375,
    0.402099609375,
    0.430908203125,
    -2.115234375,
    -3.404296875,
    -2.63671875,
    -1.6396484375,
    -3.38671875,
    -1.7763671875,
    -3.546875,
    -2.53125,
    -0.87841796875,
    -0.424560546875,
    -1.703125,
    0.96630859375,
    0.305908203125,
    -1.2041015625,
    -2.734375,
    -1.8505859375,
    -1.3583984375,
    -1.0029296875,
    0.308349609375,
    -1.806640625,
    -1.37109375,
    -0.0178680419921875,
    -2.01171875,
    -2.439453125,
    -3.001953125,
    -1.796875,
    -2.1796875,
    -2.32421875,
    -1.8916015625,
    -1.7568359375,
    -1.599609375,
    -2.68359375,
    -2.578125,
    -2.251953125,
    -2.931640625,
    -1.677734375,
    -2.013671875,
    -3.912109375,
    -2.611328125,
    -1.361328125,
    -1.546875,
    -2.361328125,
    -1.3525390625,
    -1.7919921875,
    -1.5654296875,
    -2.974609375,
    0.38623046875,
    -2.087890625,
    -2.169921875,
    -2.103515625,
    -1.8818359375,
    -2.845703125,
    -2.359375,
    -3.765625,
    0.2763671875
  ],
  "router_probabilities": [
    0.004955742508172989,
    0.006276893429458141,
    0.0029649946372956038,
    0.012099028564989567,
    0.0047752088867127895,
    0.004812661092728376,
    0.011332735419273376,
    0.07294867187738419,
    0.07508078217506409,
    0.005885090213268995,
    0.0016215128125622869,
    0.0034936172887682915,
    0.00946885533630848,
    0.001650267862714827,
    0.008258881978690624,
    0.00140604586340487,
    0.003882216988131404,
    0.02027195505797863,
    0.031915631145238876,
    0.008886482566595078,
    0.12824788689613342,
    0.06625855714082718,
    0.014637033455073833,
    0.003168573370203376,
    0.007668112404644489,
    0.012544194236397743,
    0.0178986769169569,
    0.06642051786184311,
    0.008012603968381882,
    0.012385948561131954,
    0.04793223738670349,
    0.006526936311274767,
    0.004255461972206831,
    0.002424689009785652,
    0.008091235533356667,
    0.005517743062227964,
    0.0047752088867127895,
    0.007359962444752455,
    0.00842177402228117,
    0.009855670854449272,
    0.0033336328342556953,
    0.003704437520354986,
    0.005133066792041063,
    0.0026013117749243975,
    0.00911500584334135,
    0.0065142009407281876,
    0.0009758435771800578,
    0.0035834582522511482,
    0.01250749733299017,
    0.010389351285994053,
    0.00460125133395195,
    0.012617912143468857,
    0.00813084002584219,
    0.010198358446359634,
    0.0024919037241488695,
    0.07180017232894897,
    0.006048230454325676,
    0.005571891088038683,
    0.005954461172223091,
    0.007432189304381609,
    0.0028347487095743418,
    0.004610246978700161,
    0.0011297896271571517,
    0.0643298402428627
  ],
  "selected_expert_ids": [
    20,
    8,
    7,
    55,
    27,
    21,
    63,
    30
  ],
  "effective_gate_weights": [
    0.12824788689613342,
    0.07508078217506409,
    0.07294867187738419,
    0.07180017232894897,
    0.06642051786184311,
    0.06625855714082718,
    0.0643298402428627,
    0.04793223738670349
  ],
  "topk_ranks": [
    0,
    1,
    2,
    3,
    4,
    5,
    6,
    7
  ],
  "top1_top2_gap": 0.053167104721069336,
  "routing_entropy": 3.4340691566467285,
  "sample_id": "layer_15_sample_046",
  "microbatch_id": null,
  "sequence_length": 17,
  "all_expert_count": 64,
  "selected_destination_ids": [
    20,
    8,
    7,
    55,
    27,
    21,
    63,
    30
  ],
  "expert_to_destination_map": {},
  "layer_name": "model.layers.15.mlp",
  "run_id": null,
  "mode": "real",
  "all_token_selected_expert_ids": [
    [
      20,
      36,
      0,
      53,
      41,
      63,
      24,
      35
    ],
    [
      63,
      20,
      55,
      31,
      24,
      21,
      59,
      7
    ],
    [
      23,
      54,
      24,
      28,
      18,
      8,
      30,
      10
    ],
    [
      15,
      47,
      62,
      48,
      8,
      13,
      3,
      10
    ],
    [
      20,
      55,
      7,
      21,
      27,
      14,
      8,
      25
    ],
    [
      8,
      30,
      17,
      58,
      20,
      2,
      3,
      52
    ],
    [
      8,
      30,
      17,
      23,
      2,
      58,
      28,
      47
    ],
    [
      8,
      30,
      17,
      47,
      28,
      58,
      15,
      3
    ],
    [
      8,
      30,
      17,
      20,
      21,
      56,
      7,
      28
    ],
    [
      8,
      20,
      30,
      55,
      21,
      17,
      7,
      27
    ],
    [
      8,
      30,
      17,
      28,
      23,
      2,
      54,
      58
    ],
    [
      8,
      54,
      30,
      28,
      17,
      13,
      15,
      4
    ],
    [
      8,
      2,
      54,
      15,
      45,
      23,
      30,
      62
    ],
    [
      61,
      27,
      8,
      56,
      7,
      30,
      18,
      26
    ],
    [
      20,
      27,
      55,
      8,
      21,
      7,
      30,
      18
    ],
    [
      20,
      8,
      7,
      55,
      27,
      21,
      63,
      30
    ],
    [
      23,
      8,
      30,
      54,
      2,
      27,
      17,
      15
    ]
  ]
}