{
  "layer_path": "model.layers.15.mlp",
  "layer_id": 15,
  "token_pos": 15,
  "target_token_id": 253,
  "target_token_text": " the",
  "next_token_id": 9902,
  "next_token_text": " storm",
  "router_logits": [
    -2.21484375,
    -2.53515625,
    -3.46875,
    0.460693359375,
    -2.390625,
    -2.9609375,
    -1.896484375,
    0.7802734375,
    -2.322265625,
    -2.650390625,
    -3.8046875,
    -4.078125,
    -1.298828125,
    -3.822265625,
    -1.0703125,
    -2.810546875,
    -1.619140625,
    -1.6064453125,
    -1.421875,
    -2.15625,
    -0.02001953125,
    0.72998046875,
    -1.4541015625,
    -2.75,
    -1.3564453125,
    0.387939453125,
    0.67919921875,
    -0.36376953125,
    -1.9814453125,
    -1.544921875,
    -2.189453125,
    -2.234375,
    -1.474609375,
    -2.0703125,
    -1.5048828125,
    -2.11328125,
    -3.056640625,
    -1.2958984375,
    0.196533203125,
    -1.037109375,
    -1.64453125,
    -1.986328125,
    -0.423583984375,
    -3.01171875,
    -3.005859375,
    -1.9033203125,
    -4.3359375,
    -2.880859375,
    0.78369140625,
    0.71142578125,
    -1.8134765625,
    -0.51806640625,
    -1.333984375,
    -1.447265625,
    -3.908203125,
    0.91015625,
    -1.59765625,
    -1.7353515625,
    -2.83203125,
    -0.8515625,
    -2.298828125,
    -0.447509765625,
    -3.18359375,
    -1.53125
  ],
  "router_probabilities": [
    0.0038981216493993998,
    0.002829732606187463,
    0.00111247634049505,
    0.05660129338502884,
    0.003269749926403165,
    0.0018485488835722208,
    0.0053594112396240234,
    0.07791449129581451,
    0.003501084866002202,
    0.002521736780181527,
    0.0007950509898364544,
    0.0006048429058864713,
    0.009742623195052147,
    0.0007811976247467101,
    0.012243877165019512,
    0.0021485467441380024,
    0.0070723858661949635,
    0.007162744179368019,
    0.008614644408226013,
    0.004133351147174835,
    0.03499898314476013,
    0.07409285008907318,
    0.008341449312865734,
    0.002282653236761689,
    0.009197145700454712,
    0.052629560232162476,
    0.07042425870895386,
    0.024817995727062225,
    0.004922877531498671,
    0.00761725939810276,
    0.003998364321887493,
    0.0038227250333875418,
    0.008172126486897469,
    0.004504270851612091,
    0.007928435690701008,
    0.004314827267080545,
    0.0016798388678580523,
    0.009771207347512245,
    0.043461333960294724,
    0.01265723630785942,
    0.006895074155181646,
    0.0048988983035087585,
    0.02337704412639141,
    0.00175702094566077,
    0.0017673461697995663,
    0.005322899669408798,
    0.00046738635865040123,
    0.0020026657730340958,
    0.07818125933408737,
    0.07273074984550476,
    0.005823269486427307,
    0.021269457414746284,
    0.009406059980392456,
    0.00839866604655981,
    0.0007168672746047378,
    0.08872083574533463,
    0.00722597585991025,
    0.006296456325799227,
    0.002102878876030445,
    0.015237751416862011,
    0.0035841106437146664,
    0.022824369370937347,
    0.0014795600436627865,
    0.00772211654111743
  ],
  "selected_expert_ids": [
    55,
    48,
    7,
    21,
    49,
    26,
    3,
    25
  ],
  "effective_gate_weights": [
    0.08872083574533463,
    0.07818125933408737,
    0.07791449129581451,
    0.07409285008907318,
    0.07273074984550476,
    0.07042425870895386,
    0.05660129338502884,
    0.052629560232162476
  ],
  "topk_ranks": [
    0,
    1,
    2,
    3,
    4,
    5,
    6,
    7
  ],
  "top1_top2_gap": 0.010539576411247253,
  "routing_entropy": 3.4009921550750732,
  "sample_id": "layer_15_sample_033",
  "microbatch_id": null,
  "sequence_length": 17,
  "all_expert_count": 64,
  "selected_destination_ids": [
    55,
    48,
    7,
    21,
    49,
    26,
    3,
    25
  ],
  "expert_to_destination_map": {},
  "layer_name": "model.layers.15.mlp",
  "run_id": null,
  "mode": "real",
  "all_token_selected_expert_ids": [
    [
      55,
      21,
      20,
      63,
      7,
      14,
      52,
      40
    ],
    [
      42,
      23,
      25,
      5,
      28,
      38,
      40,
      51
    ],
    [
      54,
      13,
      46,
      10,
      40,
      28,
      45,
      23
    ],
    [
      25,
      61,
      38,
      7,
      56,
      26,
      42,
      39
    ],
    [
      54,
      23,
      15,
      2,
      42,
      51,
      25,
      62
    ],
    [
      49,
      7,
      61,
      56,
      48,
      25,
      26,
      21
    ],
    [
      62,
      15,
      54,
      13,
      10,
      2,
      45,
      23
    ],
    [
      47,
      13,
      10,
      46,
      49,
      28,
      25,
      38
    ],
    [
      28,
      54,
      23,
      42,
      2,
      4,
      45,
      13
    ],
    [
      7,
      25,
      49,
      21,
      27,
      38,
      56,
      26
    ],
    [
      7,
      25,
      49,
      56,
      21,
      27,
      38,
      26
    ],
    [
      55,
      42,
      21,
      7,
      25,
      49,
      38,
      26
    ],
    [
      42,
      23,
      31,
      25,
      26,
      2,
      5,
      40
    ],
    [
      54,
      15,
      45,
      62,
      13,
      10,
      46,
      23
    ],
    [
      61,
      56,
      7,
      26,
      49,
      48,
      25,
      21
    ],
    [
      55,
      48,
      7,
      21,
      49,
      26,
      3,
      25
    ],
    [
      23,
      40,
      42,
      54,
      25,
      26,
      2,
      16
    ]
  ]
}