{
  "layer_path": "model.layers.15.mlp",
  "layer_id": 15,
  "token_pos": 16,
  "target_token_id": 5662,
  "target_token_text": " older",
  "next_token_id": 19440,
  "next_token_text": " precedent",
  "router_logits": [
    -2.12890625,
    -2.169921875,
    -2.79296875,
    -1.3173828125,
    -2.693359375,
    -1.0263671875,
    -1.7294921875,
    0.51416015625,
    -1.455078125,
    -2.2265625,
    -3.453125,
    -3.654296875,
    -1.794921875,
    -3.37109375,
    -1.244140625,
    -2.9375,
    -1.8671875,
    -1.5703125,
    -1.5888671875,
    -0.50439453125,
    -0.51318359375,
    0.373779296875,
    -1.072265625,
    -2.892578125,
    -1.9091796875,
    0.486083984375,
    -1.2626953125,
    -1.5908203125,
    -1.7060546875,
    -1.533203125,
    -1.9453125,
    -2.294921875,
    -1.880859375,
    -1.369140625,
    -1.8701171875,
    -2.7421875,
    -2.806640625,
    -1.763671875,
    -1.14453125,
    -1.9287109375,
    -1.515625,
    -2.138671875,
    0.865234375,
    -3.02734375,
    -1.8876953125,
    -3.060546875,
    -4.06640625,
    -1.896484375,
    -2.044921875,
    0.40869140625,
    -2.416015625,
    -0.14404296875,
    -1.4609375,
    -2.228515625,
    -3.060546875,
    0.401123046875,
    -1.875,
    -2.001953125,
    -2.771484375,
    -1.5654296875,
    -2.275390625,
    -0.49755859375,
    -3.27734375,
    -0.38525390625
  ],
  "router_probabilities": [
    0.005609999876469374,
    0.005384557414799929,
    0.0028877805452793837,
    0.012629990465939045,
    0.0031902447808533907,
    0.016896218061447144,
    0.008364234119653702,
    0.07885550707578659,
    0.011005320586264133,
    0.005088048987090588,
    0.0014923200942575932,
    0.0012203772785142064,
    0.007834484800696373,
    0.0016198980156332254,
    0.01358975749462843,
    0.0024991657119244337,
    0.007288293447345495,
    0.009807471185922623,
    0.009627174586057663,
    0.02847602218389511,
    0.02822684310376644,
    0.06852757930755615,
    0.016138236969709396,
    0.0026139928959310055,
    0.006988579407334328,
    0.07667233049869537,
    0.013339927420020103,
    0.009608389809727669,
    0.008562586270272732,
    0.010178257711231709,
    0.006740570068359375,
    0.004751855041831732,
    0.007189326919615269,
    0.011992917396128178,
    0.007266972679644823,
    0.003038212889805436,
    0.0028485676739364862,
    0.008083177730441093,
    0.015013137832283974,
    0.0068534077145159245,
    0.01035875454545021,
    0.005555481184273958,
    0.1120215579867363,
    0.0022844222839921713,
    0.007140349131077528,
    0.0022098179906606674,
    0.0008081971318461001,
    0.0070778666995465755,
    0.006101502571254969,
    0.07096227258443832,
    0.004209910053759813,
    0.04082987457513809,
    0.010941024869680405,
    0.005078121088445187,
    0.0022098179906606674,
    0.07042723149061203,
    0.007231575436890125,
    0.006369390990585089,
    0.0029504939448088408,
    0.009855476208031178,
    0.004845576826483011,
    0.028671350330114365,
    0.001779109938070178,
    0.032079048454761505
  ],
  "selected_expert_ids": [
    42,
    7,
    25,
    49,
    55,
    21,
    51,
    63
  ],
  "effective_gate_weights": [
    0.1120215579867363,
    0.07885550707578659,
    0.07667233049869537,
    0.07096227258443832,
    0.07042723149061203,
    0.06852757930755615,
    0.04082987457513809,
    0.032079048454761505
  ],
  "topk_ranks": [
    0,
    1,
    2,
    3,
    4,
    5,
    6,
    7
  ],
  "top1_top2_gap": 0.03316605091094971,
  "routing_entropy": 3.4958300590515137,
  "sample_id": "layer_15_sample_031",
  "microbatch_id": null,
  "sequence_length": 18,
  "all_expert_count": 64,
  "selected_destination_ids": [
    42,
    7,
    25,
    49,
    55,
    21,
    51,
    63
  ],
  "expert_to_destination_map": {},
  "layer_name": "model.layers.15.mlp",
  "run_id": null,
  "mode": "real",
  "all_token_selected_expert_ids": [
    [
      20,
      36,
      0,
      53,
      41,
      63,
      24,
      35
    ],
    [
      42,
      5,
      20,
      51,
      25,
      55,
      21,
      7
    ],
    [
      40,
      54,
      13,
      46,
      10,
      28,
      16,
      24
    ],
    [
      25,
      49,
      54,
      42,
      2,
      22,
      56,
      51
    ],
    [
      61,
      25,
      56,
      49,
      7,
      42,
      51,
      21
    ],
    [
      42,
      55,
      25,
      7,
      21,
      49,
      51,
      3
    ],
    [
      42,
      54,
      46,
      13,
      10,
      28,
      40,
      3
    ],
    [
      4,
      42,
      46,
      13,
      10,
      63,
      50,
      37
    ],
    [
      42,
      62,
      46,
      13,
      15,
      10,
      63,
      50
    ],
    [
      42,
      15,
      54,
      62,
      2,
      51,
      22,
      19
    ],
    [
      61,
      7,
      49,
      42,
      56,
      25,
      51,
      48
    ],
    [
      19,
      54,
      53,
      35,
      16,
      32,
      33,
      9
    ],
    [
      42,
      61,
      25,
      49,
      7,
      56,
      21,
      51
    ],
    [
      42,
      7,
      25,
      49,
      55,
      21,
      51,
      61
    ],
    [
      54,
      42,
      13,
      10,
      46,
      15,
      62,
      28
    ],
    [
      42,
      25,
      28,
      56,
      49,
      7,
      61,
      21
    ],
    [
      42,
      7,
      25,
      49,
      55,
      21,
      51,
      63
    ],
    [
      42,
      54,
      13,
      10,
      15,
      46,
      62,
      28
    ]
  ]
}