{
  "pair_count": 480,
  "model": "full_duplex",
  "expert_compute_delay": 0.0,
  "next_mode": "predicted",
  "traffic_correlation": {
    "mean": 0.7364131615135783,
    "median": 0.786192455446187,
    "std": 0.16824266487497533,
    "p25": 0.6889211942832243,
    "p75": 0.8449281267361356
  },
  "greedy_latency_ms": {
    "mean": 0.11890282233556111,
    "median": 0.11730194091796875,
    "std": 0.021763450451814565,
    "p25": 0.10651350021362305,
    "p75": 0.12546777725219727
  },
  "include_fast_best_of": false,
  "skip_oracle": true,
  "predicted_improvement_vs_traffic_correlation": null,
  "gate2_decision": null,
  "birkhoff_improvement_pct": {
    "mean": 20.053901983320056,
    "median": 20.85144927536232,
    "std": 10.759057409327804,
    "p25": 13.385826771653544,
    "p75": 28.57142857142857
  },
  "birkhoff_effective_improvement_pct": {
    "mean": 20.053901983320056,
    "median": 20.85144927536232,
    "std": 10.759057409327804,
    "p25": 13.385826771653544,
    "p75": 28.57142857142857
  },
  "birkhoff_latency_ms": {
    "mean": 0.6433639830599228,
    "median": 0.6169043481349945,
    "std": 0.20599166601248114,
    "p25": 0.5608480423688889,
    "p75": 0.6787125021219254
  },
  "birkhoff_prediction_aware": false,
  "birkhoff_description": "Per-phase Birkhoff decomposition; next phase does not influence earlier phases.",
  "ibbr_improvement_pct": {
    "mean": 22.16565405545273,
    "median": 23.00635144671842,
    "std": 10.1771758411149,
    "p25": 15.0,
    "p75": 29.917649260714956
  },
  "ibbr_effective_improvement_pct": {
    "mean": 22.16565405545273,
    "median": 23.00635144671842,
    "std": 10.1771758411149,
    "p25": 15.0,
    "p75": 29.917649260714956
  },
  "ibbr_latency_ms": {
    "mean": 5.203661213939388,
    "median": 4.935618489980698,
    "std": 1.6192471350197624,
    "p25": 3.894038498401642,
    "p75": 6.308989599347115
  },
  "ibbr_prediction_aware": false,
  "ibbr_description": "Iterated Birkhoff barrier repair.",
  "ejection_chain_tabu_improvement_pct": {
    "mean": 24.971831456763688,
    "median": 25.324477019392273,
    "std": 9.675544273599218,
    "p25": 19.248686096512188,
    "p75": 31.834650856389985
  },
  "ejection_chain_tabu_effective_improvement_pct": {
    "mean": 24.971831456763688,
    "median": 25.324477019392273,
    "std": 9.675544273599218,
    "p25": 19.248686096512188,
    "p75": 31.834650856389985
  },
  "ejection_chain_tabu_latency_ms": {
    "mean": 8.014264252657691,
    "median": 7.275201380252838,
    "std": 12.03349518354201,
    "p25": 6.705271080136299,
    "p75": 7.765907794237137
  },
  "ejection_chain_tabu_prediction_aware": false,
  "ejection_chain_tabu_description": "Cross-phase tabu search with shallow ejection chains.",
  "lns_cp_repair_improvement_pct": {
    "mean": 24.971831456763688,
    "median": 25.324477019392273,
    "std": 9.675544273599218,
    "p25": 19.248686096512188,
    "p75": 31.834650856389985
  },
  "lns_cp_repair_effective_improvement_pct": {
    "mean": 24.971831456763688,
    "median": 25.324477019392273,
    "std": 9.675544273599218,
    "p25": 19.248686096512188,
    "p75": 31.834650856389985
  },
  "lns_cp_repair_latency_ms": {
    "mean": 7.332034129649401,
    "median": 7.108539342880249,
    "std": 1.3465230826353236,
    "p25": 6.6382791846990585,
    "p75": 7.607385516166687
  },
  "lns_cp_repair_prediction_aware": false,
  "lns_cp_repair_description": "CP-repair around single-phase bottlenecks.",
  "quantized_decomposed_improvement_pct": {
    "mean": -52.40576607199084,
    "median": -48.94913829340059,
    "std": 21.75698562451811,
    "p25": -66.231884057971,
    "p75": -37.37883193990064
  },
  "quantized_decomposed_effective_improvement_pct": {
    "mean": -52.40576607199084,
    "median": -48.94913829340059,
    "std": 21.75698562451811,
    "p25": -66.231884057971,
    "p75": -37.37883193990064
  },
  "quantized_decomposed_latency_ms": {
    "mean": 24.6516074364384,
    "median": 24.25791323184967,
    "std": 10.525786399297735,
    "p25": 23.036817088723183,
    "p75": 25.388846173882484
  },
  "quantized_decomposed_prediction_aware": false,
  "quantized_decomposed_description": "Quantized grouped decomposition with deferred reinsert.",
  "cp_lpt_improvement_pct": {
    "mean": 0.2430571391441769,
    "median": 2.49223602484472,
    "std": 12.900338819204498,
    "p25": -8.653846153846153,
    "p75": 9.412202380952381
  },
  "cp_lpt_effective_improvement_pct": {
    "mean": 0.2430571391441769,
    "median": 2.49223602484472,
    "std": 12.900338819204498,
    "p25": -8.653846153846153,
    "p75": 9.412202380952381
  },
  "cp_lpt_latency_ms": {
    "mean": 0.3392020395646493,
    "median": 0.33595040440559387,
    "std": 0.06512543642953107,
    "p25": 0.30475109815597534,
    "p75": 0.35771168768405914
  },
  "cp_lpt_prediction_aware": true,
  "cp_lpt_description": "Critical-path LPT using later_work from next phase.",
  "lagrangian_improvement_pct": {
    "mean": 22.258344204265384,
    "median": 22.321428571428573,
    "std": 9.720260276627046,
    "p25": 15.789473684210526,
    "p75": 29.69316123188406
  },
  "lagrangian_effective_improvement_pct": {
    "mean": 22.258344204265384,
    "median": 22.321428571428573,
    "std": 9.720260276627046,
    "p25": 15.789473684210526,
    "p75": 29.69316123188406
  },
  "lagrangian_latency_ms": {
    "mean": 5.998446124916275,
    "median": 5.823355168104172,
    "std": 1.1376605486394826,
    "p25": 5.317676812410355,
    "p75": 6.348142400383949
  },
  "lagrangian_prediction_aware": true,
  "lagrangian_description": "Cross-phase Lagrangian ordering using all three phase matrices."
}