{
  "0->1": {
    "prefetch_accuracy": {
      "mean": 0.44285063752276865,
      "median": 0.5,
      "std": 0.18077607313970548,
      "p25": 0.25,
      "p75": 0.5
    },
    "cosine_similarity": {
      "mean": 0.6629065444017803,
      "median": 0.6976660490036011,
      "std": 0.12992544167733114,
      "p25": 0.5560470819473267,
      "p75": 0.7566512823104858
    },
    "num_tokens": 549
  },
  "1->2": {
    "prefetch_accuracy": {
      "mean": 0.5648907103825137,
      "median": 0.625,
      "std": 0.17443060343475783,
      "p25": 0.375,
      "p75": 0.75
    },
    "cosine_similarity": {
      "mean": 0.742126657717432,
      "median": 0.7796710729598999,
      "std": 0.1420973552792881,
      "p25": 0.6893182396888733,
      "p75": 0.8393286466598511
    },
    "num_tokens": 549
  },
  "2->3": {
    "prefetch_accuracy": {
      "mean": 0.711976320582878,
      "median": 0.75,
      "std": 0.11955351586269723,
      "p25": 0.625,
      "p75": 0.75
    },
    "cosine_similarity": {
      "mean": 0.8121900488987213,
      "median": 0.805955708026886,
      "std": 0.0826454031469006,
      "p25": 0.7634080648422241,
      "p75": 0.8497459292411804
    },
    "num_tokens": 549
  },
  "3->4": {
    "prefetch_accuracy": {
      "mean": 0.720856102003643,
      "median": 0.75,
      "std": 0.1409614244797597,
      "p25": 0.625,
      "p75": 0.875
    },
    "cosine_similarity": {
      "mean": 0.8542637234394234,
      "median": 0.8487681746482849,
      "std": 0.06718515519919084,
      "p25": 0.8080356121063232,
      "p75": 0.8853205442428589
    },
    "num_tokens": 549
  },
  "4->5": {
    "prefetch_accuracy": {
      "mean": 0.7629781420765027,
      "median": 0.75,
      "std": 0.14024539862515306,
      "p25": 0.625,
      "p75": 0.875
    },
    "cosine_similarity": {
      "mean": 0.8220268716740478,
      "median": 0.8327601552009583,
      "std": 0.12011708813482028,
      "p25": 0.7877228260040283,
      "p75": 0.8816253542900085
    },
    "num_tokens": 549
  },
  "5->6": {
    "prefetch_accuracy": {
      "mean": 0.7957650273224044,
      "median": 0.75,
      "std": 0.13720159664221884,
      "p25": 0.75,
      "p75": 0.875
    },
    "cosine_similarity": {
      "mean": 0.8677624641003288,
      "median": 0.862511396408081,
      "std": 0.05432741750333306,
      "p25": 0.8339067697525024,
      "p75": 0.8926923871040344
    },
    "num_tokens": 549
  },
  "6->7": {
    "prefetch_accuracy": {
      "mean": 0.8387978142076503,
      "median": 0.875,
      "std": 0.1132891794203166,
      "p25": 0.75,
      "p75": 0.875
    },
    "cosine_similarity": {
      "mean": 0.8607353500492586,
      "median": 0.8831390142440796,
      "std": 0.12913290972736954,
      "p25": 0.8534122705459595,
      "p75": 0.9066088795661926
    },
    "num_tokens": 549
  },
  "7->8": {
    "prefetch_accuracy": {
      "mean": 0.8731785063752276,
      "median": 0.875,
      "std": 0.0983532767251698,
      "p25": 0.875,
      "p75": 1.0
    },
    "cosine_similarity": {
      "mean": 0.8910508812668111,
      "median": 0.886867105960846,
      "std": 0.046135648709421946,
      "p25": 0.8593761324882507,
      "p75": 0.9186610579490662
    },
    "num_tokens": 549
  },
  "8->9": {
    "prefetch_accuracy": {
      "mean": 0.8843351548269581,
      "median": 0.875,
      "std": 0.08534759455958425,
      "p25": 0.875,
      "p75": 1.0
    },
    "cosine_similarity": {
      "mean": 0.8999780264491375,
      "median": 0.8969789743423462,
      "std": 0.045522489671564234,
      "p25": 0.8655422925949097,
      "p75": 0.930077850818634
    },
    "num_tokens": 549
  },
  "9->10": {
    "prefetch_accuracy": {
      "mean": 0.8772768670309654,
      "median": 0.875,
      "std": 0.10773503485146696,
      "p25": 0.875,
      "p75": 1.0
    },
    "cosine_similarity": {
      "mean": 0.9033481311494101,
      "median": 0.9029444456100464,
      "std": 0.04296248316337037,
      "p25": 0.8731516599655151,
      "p75": 0.928331196308136
    },
    "num_tokens": 549
  },
  "10->11": {
    "prefetch_accuracy": {
      "mean": 0.8051001821493625,
      "median": 0.875,
      "std": 0.11825206545161644,
      "p25": 0.75,
      "p75": 0.875
    },
    "cosine_similarity": {
      "mean": 0.8820542289259655,
      "median": 0.8822396993637085,
      "std": 0.050668203145326975,
      "p25": 0.8484407663345337,
      "p75": 0.9105237126350403
    },
    "num_tokens": 549
  },
  "11->12": {
    "prefetch_accuracy": {
      "mean": 0.8472222222222222,
      "median": 0.875,
      "std": 0.10246407597303107,
      "p25": 0.75,
      "p75": 0.875
    },
    "cosine_similarity": {
      "mean": 0.8972236144955258,
      "median": 0.8948776721954346,
      "std": 0.043659230929977595,
      "p25": 0.8697282671928406,
      "p75": 0.9244271516799927
    },
    "num_tokens": 549
  },
  "12->13": {
    "prefetch_accuracy": {
      "mean": 0.8542805100182149,
      "median": 0.875,
      "std": 0.10149107654527621,
      "p25": 0.75,
      "p75": 0.875
    },
    "cosine_similarity": {
      "mean": 0.885606553493736,
      "median": 0.8881142139434814,
      "std": 0.05001213091792315,
      "p25": 0.8592280149459839,
      "p75": 0.9134255051612854
    },
    "num_tokens": 549
  },
  "13->14": {
    "prefetch_accuracy": {
      "mean": 0.8720400728597449,
      "median": 0.875,
      "std": 0.09493852980494666,
      "p25": 0.875,
      "p75": 0.875
    },
    "cosine_similarity": {
      "mean": 0.9121164116051679,
      "median": 0.9171412587165833,
      "std": 0.04756698248079788,
      "p25": 0.8844586610794067,
      "p75": 0.9444787502288818
    },
    "num_tokens": 549
  },
  "14->15": {
    "prefetch_accuracy": {
      "mean": 0.7782331511839709,
      "median": 0.875,
      "std": 0.22431797524807523,
      "p25": 0.75,
      "p75": 0.875
    },
    "cosine_similarity": {
      "mean": 0.9026188145786904,
      "median": 0.9032343626022339,
      "std": 0.04106446953725024,
      "p25": 0.8775964379310608,
      "p75": 0.9258883595466614
    },
    "num_tokens": 549
  }
}