{
  "pair_count": 960,
  "model": "full_duplex",
  "expert_compute_delay": 0.0,
  "baseline_layer_time_ms": 10.0,
  "hidden_window_ms": 10.0,
  "token_to_ms_factor": 0.5,
  "next_mode": "predicted",
  "phase2_source": "actual",
  "traffic_correlation": {
    "mean": 0.7415258839909936,
    "median": 0.787202854076607,
    "std": 0.1455589210862735,
    "p25": 0.6905175217483819,
    "p75": 0.8455013259321305
  },
  "greedy_latency_ms": {
    "mean": 0.23851568500200906,
    "median": 0.2396106719970703,
    "std": 0.023432229883098826,
    "p25": 0.2281665802001953,
    "p75": 0.25206804275512695
  },
  "greedy_makespan_ms": {
    "mean": 34.7578125,
    "median": 34.5,
    "std": 4.3456085839435366,
    "p25": 32.0,
    "p75": 37.5
  },
  "include_fast_best_of": false,
  "skip_oracle": true,
  "predicted_improvement_vs_traffic_correlation": null,
  "gate2_decision": null,
  "B_birkhoff_improvement_pct": {
    "mean": 12.496535696141832,
    "median": 13.043478260869565,
    "std": 10.451625351466456,
    "p25": 6.520596889449348,
    "p75": 19.608754436369782
  },
  "B_birkhoff_effective_improvement_pct": {
    "mean": 12.496535696141832,
    "median": 13.043478260869565,
    "std": 10.451625351466456,
    "p25": 6.520596889449348,
    "p75": 19.608754436369782
  },
  "B_birkhoff_latency_ms": {
    "mean": 1.3150089032327135,
    "median": 1.3040341436862946,
    "std": 0.5168731924722079,
    "p25": 1.215500757098198,
    "p75": 1.393565908074379
  },
  "B_birkhoff_effective_latency_ms": {
    "mean": 1.3150089032327135,
    "median": 1.3040341436862946,
    "std": 0.5168731924722079,
    "p25": 1.215500757098198,
    "p75": 1.393565908074379
  },
  "B_birkhoff_comm_savings_ms": {
    "mean": 4.433333333333334,
    "median": 4.5,
    "std": 3.8025119621405823,
    "p25": 2.0,
    "p75": 7.0
  },
  "B_birkhoff_exposed_latency_ms": {
    "mean": 0.006914866156876087,
    "median": 0.0,
    "std": 0.2141376744873315,
    "p25": 0.0,
    "p75": 0.0
  },
  "B_birkhoff_net_benefit_ms": {
    "mean": 4.4264184671764575,
    "median": 4.5,
    "std": 3.814765293802614,
    "p25": 2.0,
    "p75": 7.0
  },
  "B_birkhoff_effective_e2e_time_ms": {
    "mean": 30.331394032823543,
    "median": 30.5,
    "std": 4.622981415508337,
    "p25": 27.5,
    "p75": 33.5
  },
  "B_birkhoff_e2e_speedup_pct": {
    "mean": 12.47589430462877,
    "median": 13.043478260869565,
    "std": 10.489887052099695,
    "p25": 6.520596889449348,
    "p75": 19.608754436369782
  },
  "B_birkhoff_prediction_aware": false,
  "B_birkhoff_description": "Baseline: per-phase Birkhoff decomposition.",
  "B_barrier_aware_birkhoff_improvement_pct": {
    "mean": 17.087698932341894,
    "median": 17.647058823529413,
    "std": 9.530471285439313,
    "p25": 11.428571428571429,
    "p75": 23.684210526315788
  },
  "B_barrier_aware_birkhoff_effective_improvement_pct": {
    "mean": 17.087698932341894,
    "median": 17.647058823529413,
    "std": 9.530471285439313,
    "p25": 11.428571428571429,
    "p75": 23.684210526315788
  },
  "B_barrier_aware_birkhoff_latency_ms": {
    "mean": 23.116870519394677,
    "median": 21.723728626966476,
    "std": 25.66418275568089,
    "p25": 20.012592896819115,
    "p75": 23.64526130259037
  },
  "B_barrier_aware_birkhoff_effective_latency_ms": {
    "mean": 23.116870519394677,
    "median": 21.723728626966476,
    "std": 25.66418275568089,
    "p25": 20.012592896819115,
    "p75": 23.64526130259037
  },
  "B_barrier_aware_birkhoff_comm_savings_ms": {
    "mean": 6.076041666666667,
    "median": 6.0,
    "std": 3.639117475194211,
    "p25": 4.0,
    "p75": 8.5
  },
  "B_barrier_aware_birkhoff_exposed_latency_ms": {
    "mean": 13.116870519394675,
    "median": 11.723728626966476,
    "std": 25.66418275568089,
    "p25": 10.012592896819115,
    "p75": 13.64526130259037
  },
  "B_barrier_aware_birkhoff_net_benefit_ms": {
    "mean": -7.040828852728009,
    "median": -5.4939767718315125,
    "std": 25.969404021204195,
    "p25": -8.55127714574337,
    "p75": -3.0738374292850494
  },
  "B_barrier_aware_birkhoff_effective_e2e_time_ms": {
    "mean": 41.79864135272801,
    "median": 40.5182800590992,
    "std": 26.21092981506447,
    "p25": 36.670911967754364,
    "p75": 44.519341841340065
  },
  "B_barrier_aware_birkhoff_e2e_speedup_pct": {
    "mean": -20.753268628753,
    "median": -16.699664978054095,
    "std": 74.74768237120418,
    "p25": -25.27425108856453,
    "p75": -8.541182206589783
  },
  "B_barrier_aware_birkhoff_prediction_aware": false,
  "B_barrier_aware_birkhoff_description": "Baseline: Birkhoff variant search within phase-local space.",
  "O_cp_lpt_improvement_pct": {
    "mean": -7.845885912884188,
    "median": -7.380174291938998,
    "std": 10.424666855668294,
    "p25": -14.492753623188406,
    "p75": 0.0
  },
  "O_cp_lpt_effective_improvement_pct": {
    "mean": -7.845885912884188,
    "median": -7.380174291938998,
    "std": 10.424666855668294,
    "p25": -14.492753623188406,
    "p75": 0.0
  },
  "O_cp_lpt_latency_ms": {
    "mean": 1.073627647322913,
    "median": 1.0862275958061218,
    "std": 0.11725813389578933,
    "p25": 1.0278727859258652,
    "p75": 1.1396221816539764
  },
  "O_cp_lpt_effective_latency_ms": {
    "mean": 1.073627647322913,
    "median": 1.0862275958061218,
    "std": 0.11725813389578933,
    "p25": 1.0278727859258652,
    "p75": 1.1396221816539764
  },
  "O_cp_lpt_comm_savings_ms": {
    "mean": -2.5494791666666665,
    "median": -2.5,
    "std": 3.530875679214148,
    "p25": -5.0,
    "p75": 0.0
  },
  "O_cp_lpt_exposed_latency_ms": {
    "mean": 0.0,
    "median": 0.0,
    "std": 0.0,
    "p25": 0.0,
    "p75": 0.0
  },
  "O_cp_lpt_net_benefit_ms": {
    "mean": -2.5494791666666665,
    "median": -2.5,
    "std": 3.530875679214148,
    "p25": -5.0,
    "p75": 0.0
  },
  "O_cp_lpt_effective_e2e_time_ms": {
    "mean": 37.307291666666664,
    "median": 37.5,
    "std": 4.558856874070943,
    "p25": 35.0,
    "p75": 40.5
  },
  "O_cp_lpt_e2e_speedup_pct": {
    "mean": -7.845885912884188,
    "median": -7.380174291938998,
    "std": 10.424666855668294,
    "p25": -14.492753623188406,
    "p75": 0.0
  },
  "O_cp_lpt_prediction_aware": true,
  "O_cp_lpt_description": "Ours: critical-path LPT using next-phase later_work.",
  "O_lagrangian_improvement_pct": {
    "mean": 14.297456556598457,
    "median": 14.754098360655737,
    "std": 9.912191760377251,
    "p25": 8.174568010633585,
    "p75": 21.285315660969655
  },
  "O_lagrangian_effective_improvement_pct": {
    "mean": 14.297456556598457,
    "median": 14.754098360655737,
    "std": 9.912191760377251,
    "p25": 8.174568010633585,
    "p75": 21.285315660969655
  },
  "O_lagrangian_latency_ms": {
    "mean": 6.439712333182494,
    "median": 6.265897303819656,
    "std": 7.864849848902424,
    "p25": 5.8157555758953094,
    "p75": 6.57106377184391
  },
  "O_lagrangian_effective_latency_ms": {
    "mean": 6.439712333182494,
    "median": 6.265897303819656,
    "std": 7.864849848902424,
    "p25": 5.8157555758953094,
    "p75": 6.57106377184391
  },
  "O_lagrangian_comm_savings_ms": {
    "mean": 5.055208333333334,
    "median": 5.0,
    "std": 3.6543458657600025,
    "p25": 2.5,
    "p75": 7.5
  },
  "O_lagrangian_exposed_latency_ms": {
    "mean": 0.266586873990794,
    "median": 0.0,
    "std": 7.710954808847019,
    "p25": 0.0,
    "p75": 0.0
  },
  "O_lagrangian_net_benefit_ms": {
    "mean": 4.788621459342539,
    "median": 5.0,
    "std": 8.608359385492287,
    "p25": 2.5,
    "p75": 7.5
  },
  "O_lagrangian_effective_e2e_time_ms": {
    "mean": 29.96919104065746,
    "median": 29.5,
    "std": 9.21279939750615,
    "p25": 26.5,
    "p75": 32.5
  },
  "O_lagrangian_e2e_speedup_pct": {
    "mean": 13.669484080194401,
    "median": 14.754098360655737,
    "std": 20.740323797927644,
    "p25": 8.108108108108109,
    "p75": 21.285315660969655
  },
  "O_lagrangian_prediction_aware": true,