{
  "pair_count": 120,
  "model": "full_duplex",
  "expert_compute_delay": 0.0,
  "traffic_correlation": {
    "mean": 0.7667381189305574,
    "median": 0.7946444641217072,
    "std": 0.11575520663317206,
    "p25": 0.727565734513645,
    "p75": 0.8549120798004104
  },
  "greedy_latency_ms": {
    "mean": 0.5537569522857666,
    "median": 0.5087852478027344,
    "std": 0.10585234075011843,
    "p25": 0.4870891571044922,
    "p75": 0.5969405174255371
  },
  "include_fast_best_of": false,
  "skip_oracle": true,
  "predicted_improvement_vs_traffic_correlation": null,
  "gate2_decision": null,
  "birkhoff_improvement_pct": {
    "mean": 22.92341747193108,
    "median": 22.535211267605636,
    "std": 7.964160015210849,
    "p25": 17.46031746031746,
    "p75": 28.57142857142857
  },
  "birkhoff_effective_improvement_pct": {
    "mean": 22.92341747193108,
    "median": 22.535211267605636,
    "std": 7.964160015210849,
    "p25": 17.46031746031746,
    "p75": 28.57142857142857
  },
  "birkhoff_latency_ms": {
    "mean": 2.7363136410713196,
    "median": 2.478133887052536,
    "std": 0.8070494488741243,
    "p25": 2.3238714784383774,
    "p75": 2.9145926237106323
  },
  "birkhoff_prediction_aware": false,
  "ibbr_improvement_pct": {
    "mean": 22.92341747193108,
    "median": 22.535211267605636,
    "std": 7.964160015210849,
    "p25": 17.46031746031746,
    "p75": 28.57142857142857
  },
  "ibbr_effective_improvement_pct": {
    "mean": 22.92341747193108,
    "median": 22.535211267605636,
    "std": 7.964160015210849,
    "p25": 17.46031746031746,
    "p75": 28.57142857142857
  },
  "ibbr_latency_ms": {
    "mean": 5.030993930995464,
    "median": 4.532851278781891,
    "std": 1.2950331250227536,
    "p25": 4.234770312905312,
    "p75": 5.668390542268753
  },
  "ibbr_prediction_aware": false,
  "ejection_chain_tabu_improvement_pct": {
    "mean": 16.373461000498793,
    "median": 16.666666666666664,
    "std": 9.147884660571306,
    "p25": 9.303977272727273,
    "p75": 23.444417117560256
  },
  "ejection_chain_tabu_effective_improvement_pct": {
    "mean": 16.373461000498793,
    "median": 16.666666666666664,
    "std": 9.147884660571306,
    "p25": 9.303977272727273,
    "p75": 23.444417117560256
  },
  "ejection_chain_tabu_latency_ms": {
    "mean": 120.62747925519943,
    "median": 108.79198834300041,
    "std": 41.081735640402734,
    "p25": 101.85091570019722,
    "p75": 124.12542663514614
  },
  "ejection_chain_tabu_prediction_aware": false,
  "lns_cp_repair_improvement_pct": {
    "mean": 16.373461000498793,
    "median": 16.666666666666664,
    "std": 9.147884660571306,
    "p25": 9.303977272727273,
    "p75": 23.444417117560256
  },
  "lns_cp_repair_effective_improvement_pct": {
    "mean": 16.373461000498793,
    "median": 16.666666666666664,
    "std": 9.147884660571306,
    "p25": 9.303977272727273,
    "p75": 23.444417117560256
  },
  "lns_cp_repair_latency_ms": {
    "mean": 123.20949515948693,
    "median": 109.21553522348404,
    "std": 61.15459749976049,
    "p25": 100.04563257098198,
    "p75": 124.07089211046696
  },
  "lns_cp_repair_prediction_aware": false,
  "quantized_decomposed_improvement_pct": {
    "mean": -73.37963145278145,
    "median": -75.73593073593074,
    "std": 23.121420567825943,
    "p25": -86.61622276029055,
    "p75": -58.642857142857146
  },
  "quantized_decomposed_effective_improvement_pct": {
    "mean": -73.37963145278145,
    "median": -75.73593073593074,
    "std": 23.121420567825943,
    "p25": -86.61622276029055,
    "p75": -58.642857142857146
  },
  "quantized_decomposed_latency_ms": {
    "mean": 214.673976910611,
    "median": 199.61004331707954,
    "std": 77.64336179312924,
    "p25": 176.5231229364872,
    "p75": 237.6781702041626
  },
  "quantized_decomposed_prediction_aware": false,
  "cp_lpt_improvement_pct": {
    "mean": 0.31867876439601583,
    "median": 1.1904761904761905,
    "std": 9.258082398529995,
    "p25": -6.153846153846154,
    "p75": 6.423611111111111
  },
  "cp_lpt_effective_improvement_pct": {
    "mean": 0.31867876439601583,
    "median": 1.1904761904761905,
    "std": 9.258082398529995,
    "p25": -6.153846153846154,
    "p75": 6.423611111111111
  },
  "cp_lpt_latency_ms": {
    "mean": 1.5043795729676883,
    "median": 1.5379376709461212,
    "std": 0.3312557852608591,
    "p25": 1.1901464313268661,
    "p75": 1.6977321356534958
  },
  "cp_lpt_prediction_aware": true,
  "lagrangian_improvement_pct": {
    "mean": 24.682999244241962,
    "median": 23.4375,
    "std": 6.829844879774827,
    "p25": 19.986263736263737,
    "p75": 28.78787878787879
  },
  "lagrangian_effective_improvement_pct": {
    "mean": 24.682999244241962,
    "median": 23.4375,
    "std": 6.829844879774827,
    "p25": 19.986263736263737,
    "p75": 28.78787878787879
  },
  "lagrangian_latency_ms": {
    "mean": 26.012061722576618,
    "median": 23.845680058002472,
    "std": 5.602919694977487,
    "p25": 22.045379504561424,
    "p75": 28.513820841908455
  },
  "lagrangian_prediction_aware": true
}