{
  "pair_count": 120,
  "model": "full_duplex",
  "expert_compute_delay": 0.0,
  "baseline_layer_time_ms": 10.0,
  "hidden_window_ms": 10.0,
  "token_to_ms_factor": 0.5,
  "next_mode": "predicted",
  "traffic_correlation": {
    "mean": 0.7395382041217088,
    "median": 0.7911585677450619,
    "std": 0.15966424341313618,
    "p25": 0.6750383918622999,
    "p75": 0.8417338206661928
  },
  "greedy_latency_ms": {
    "mean": 0.4493514696756999,
    "median": 0.5022287368774414,
    "std": 0.18136926718300436,
    "p25": 0.2917647361755371,
    "p75": 0.5336999893188477
  },
  "greedy_makespan_ms": {
    "mean": 65.91666666666667,
    "median": 64.5,
    "std": 21.033141837480095,
    "p25": 56.875,
    "p75": 77.5
  },
  "include_fast_best_of": false,
  "skip_oracle": false,
  "predicted_improvement_vs_traffic_correlation": -0.05514894208353438,
  "gate2_decision": {
    "decision": "PASS",
    "mean_perfect_improvement_pct": 46.72259605052568,
    "mean_predicted_improvement_pct": 46.78667491811619,
    "reason": "Oracle-perfect >= 15% and Oracle-predicted >= 10%",
    "thresholds": {
      "oracle_perfect_mean_improvement_pct": 15.0,
      "oracle_predicted_mean_improvement_pct": 10.0
    },
    "passed": true
  },
  "perfect_improvement_pct": {
    "mean": 46.72259605052568,
    "median": 47.56480754124116,
    "std": 5.259690012251545,
    "p25": 44.56121973929236,
    "p75": 49.83480176211454
  },
  "predicted_improvement_pct": {
    "mean": 46.78667491811619,
    "median": 47.66273481869812,
    "std": 5.243225824979446,
    "p25": 44.27833902837617,
    "p75": 49.7093023255814
  },
  "oracle_prediction_gap_pct": {
    "mean": -0.0640788675905131,
    "median": 0.0,
    "std": 1.696823898368338,
    "p25": -0.746268656716417,
    "p75": 0.6753812636165559
  },
  "oracle_perfect_latency_ms": {
    "mean": 111.83350483576457,
    "median": 103.06620597839355,
    "std": 88.06506488552839,
    "p25": 34.433066844940186,
    "p75": 216.7986035346985
  },
  "oracle_predicted_latency_ms": {
    "mean": 123.49286278088887,
    "median": 110.61596870422363,
    "std": 88.6342583791412,
    "p25": 47.62101173400879,
    "p75": 224.05314445495605
  },
  "oracle_perfect_comm_savings_ms": {
    "mean": 31.345833333333335,
    "median": 31.0,
    "std": 11.539749389489455,
    "p25": 24.75,
    "p75": 37.625
  },
  "oracle_perfect_exposed_latency_ms": {
    "mean": 104.32270050048828,
    "median": 93.06620597839355,
    "std": 84.9559187895519,
    "p25": 26.91828489303589,
    "p75": 206.7986035346985
  },
  "oracle_perfect_net_benefit_ms": {
    "mean": -72.97686716715495,
    "median": -62.193607330322266,
    "std": 85.4579353532577,
    "p25": -168.4592432975769,
    "p75": -12.532378196716309
  },
  "oracle_perfect_effective_e2e_time_ms": {
    "mean": 138.8935338338216,
    "median": 119.40457153320312,
    "std": 85.18257081143462,
    "p25": 57.62845230102539,
    "p75": 236.99800825119019
  },
  "oracle_perfect_e2e_speedup_pct": {
    "mean": -129.02432258650563,
    "median": -121.1834565071618,
    "std": 137.0598037486598,
    "p25": -260.74683458338734,
    "p75": -7.563334563902789
  },
  "oracle_predicted_comm_savings_ms": {
    "mean": 31.420833333333334,
    "median": 31.0,
    "std": 11.634180216308993,
    "p25": 25.0,
    "p75": 38.625
  },
  "oracle_predicted_exposed_latency_ms": {
    "mean": 115.98395387331645,
    "median": 100.61596870422363,
    "std": 85.20306310441056,
    "p25": 40.10795831680298,
    "p75": 214.05314445495605
  },
  "oracle_predicted_net_benefit_ms": {
    "mean": -84.56312053998312,
    "median": -76.04906272888184,
    "std": 86.51796510076545,
    "p25": -174.31320095062256,
    "p75": -27.10795831680298
  },
  "oracle_predicted_effective_e2e_time_ms": {
    "mean": 150.47978720664977,
    "median": 138.11384963989258,
    "std": 84.6595065650669,
    "p25": 69.23295831680298,
    "p75": 244.4635910987854
  },
  "oracle_predicted_e2e_speedup_pct": {
    "mean": -152.32901050817537,
    "median": -156.55652065009042,
    "std": 146.29207645472118,
    "p25": -285.3858099926959,
    "p75": -21.670086434320734
  },
  "oracle_perfect_solver_statuses": {
    "OPTIMAL": 74,
    "FEASIBLE": 46
  },
  "oracle_predicted_solver_statuses": {
    "OPTIMAL": 63,
    "FEASIBLE": 57
  },
  "birkhoff_improvement_pct": {
    "mean": 22.94986411604165,
    "median": 22.875816993464053,
    "std": 9.999406061960855,
    "p25": 16.019898525447914,
    "p75": 29.927007299270077
  },
  "birkhoff_effective_improvement_pct": {
    "mean": 22.94986411604165,
    "median": 22.875816993464053,
    "std": 9.999406061960855,
    "p25": 16.019898525447914,
    "p75": 29.927007299270077
  },
  "birkhoff_latency_ms": {
    "mean": 2.527678571641445,
    "median": 2.7931705117225647,
    "std": 1.0554488540671179,
    "p25": 1.860242336988449,
    "p75": 3.1208135187625885
  },
  "birkhoff_effective_latency_ms": {
    "mean": 2.527678571641445,
    "median": 2.7931705117225647,
    "std": 1.0554488540671179,
    "p25": 1.860242336988449,
    "p75": 3.1208135187625885
  },
  "birkhoff_comm_savings_ms": {
    "mean": 16.095833333333335,
    "median": 15.0,
    "std": 10.049936947010607,
    "p25": 8.5,
    "p75": 21.125
  },
  "birkhoff_exposed_latency_ms": {
    "mean": 0.0,
    "median": 0.0,
    "std": 0.0,
    "p25": 0.0,
    "p75": 0.0
  },
  "birkhoff_net_benefit_ms": {
    "mean": 16.095833333333335,
    "median": 15.0,
    "std": 10.049936947010607,
    "p25": 8.5,
    "p75": 21.125
  },
  "birkhoff_effective_e2e_time_ms": {
    "mean": 49.82083333333333,
    "median": 48.5,
    "std": 14.059515732730231,
    "p25": 44.375,
    "p75": 59.25
  },
  "birkhoff_e2e_speedup_pct": {
    "mean": 22.94986411604165,
    "median": 22.875816993464053,
    "std": 9.999406061960855,
    "p25": 16.019898525447914,
    "p75": 29.927007299270077
  },
  "birkhoff_prediction_aware": false,
  "birkhoff_description": "Per-phase Birkhoff decomposition; next phase does not influence earlier phases.",
  "ibbr_improvement_pct": {
    "mean": 23.27677447135789,
    "median": 23.576799140708914,
    "std": 9.98304654736337,
    "p25": 16.085705148704825,
    "p75": 30.426816680429393
  },
  "ibbr_effective_improvement_pct": {
    "mean": 23.27677447135789,
    "median": 23.576799140708914,
    "std": 9.98304654736337,
    "p25": 16.085705148704825,
    "p75": 30.426816680429393
  },
  "ibbr_latency_ms": {
    "mean": 6.362787323693435,
    "median": 5.752053111791611,
    "std": 2.082609370501045,
    "p25": 5.050079897046089,
    "p75": 6.951645016670227
  },
  "ibbr_effective_latency_ms": {
    "mean": 6.362787323693435,
    "median": 5.752053111791611,
    "std": 2.082609370501045,
    "p25": 5.050079897046089,
    "p75": 6.951645016670227
  },
  "ibbr_comm_savings_ms": {
    "mean": 16.341666666666665,
    "median": 15.25,
    "std": 10.124430711018878,
    "p25": 8.5,
    "p75": 21.625
  },
  "ibbr_exposed_latency_ms": {
    "mean": 0.10544207443793614,
    "median": 0.0,
    "std": 0.5479464681300464,
    "p25": 0.0,
    "p75": 0.0
  },
  "ibbr_net_benefit_ms": {
    "mean": 16.23622459222873,
    "median": 15.25,
    "std": 10.014117724784649,
    "p25": 8.5,
    "p75": 21.58598741889
  },
  "ibbr_effective_e2e_time_ms": {
    "mean": 49.680442074437934,
    "median": 48.5,
    "std": 13.959133223376586,
    "p25": 44.375,
    "p75": 59.0
  },
  "ibbr_e2e_speedup_pct": {
    "mean": 23.144116805854615,
    "median": 23.576799140708914,
    "std": 9.91332676178154,
    "p25": 16.085705148704825,
    "p75": 30.426816680429393
  },
  "ibbr_prediction_aware": false,
  "ibbr_description": "Iterated Birkhoff barrier repair.",
  "ejection_chain_tabu_improvement_pct": {
    "mean": 27.026860277061708,
    "median": 27.923976608187132,
    "std": 9.014548954886111,
    "p25": 22.750424448217316,
    "p75": 33.3176423599224
  },
  "ejection_chain_tabu_effective_improvement_pct": {
    "mean": 27.026860277061708,
    "median": 27.923976608187132,