{
  "layer_path": "model.layers.8.mlp",
  "layer_id": 8,
  "token_pos": 14,
  "target_token_id": 2969,
  "target_token_text": " simple",
  "next_token_id": 32,
  "next_token_text": "?",
  "router_logits": [
    -1.1015625,
    -2.26953125,
    0.1641845703125,
    0.190673828125,
    -1.111328125,
    -0.8173828125,
    -0.8154296875,
    -0.99267578125,
    0.020263671875,
    -1.60546875,
    -2.25,
    -0.5830078125,
    -1.2490234375,
    -1.337890625,
    0.1295166015625,
    -1.7333984375,
    -1.0546875,
    0.2200927734375,
    -1.7705078125,
    -0.5908203125,
    -0.48046875,
    -1.830078125,
    -1.2255859375,
    -1.6171875,
    -0.8994140625,
    -0.72265625,
    -0.8876953125,
    -1.529296875,
    -0.98291015625,
    -1.6328125,
    -1.599609375,
    -1.6943359375,
    -1.5830078125,
    -0.94580078125,
    -0.141845703125,
    -2.435546875,
    0.488525390625,
    -0.7705078125,
    -0.58447265625,
    -0.2578125,
    -0.61376953125,
    -0.92138671875,
    -0.23291015625,
    -0.537109375,
    -0.896484375,
    -0.86083984375,
    -0.0736083984375,
    -1.30859375,
    -1.255859375,
    -1.3505859375,
    -2.27734375,
    -0.99951171875,
    -0.70654296875,
    -1.271484375,
    -0.78466796875,
    -1.044921875,
    -0.97021484375,
    -0.3251953125,
    -0.106689453125,
    -1.2587890625,
    -1.1220703125,
    -0.7958984375,
    -0.8984375,
    -0.4365234375
  ],
  "router_probabilities": [
    0.010986474342644215,
    0.003416771534830332,
    0.03895518556237221,
    0.04000086709856987,
    0.010879706591367722,
    0.014597415924072266,
    0.014625954441726208,
    0.012250314466655254,
    0.033733487129211426,
    0.0066376542672514915,
    0.003484161105006933,
    0.01845286227762699,
    0.009480185806751251,
    0.008674058131873608,
    0.03762783110141754,
    0.005840573459863663,
    0.011513725854456425,
    0.041195131838321686,
    0.00562780536711216,
    0.01830926164984703,
    0.020445413887500763,
    0.005302345380187035,
    0.00970500148832798,
    0.006560323294252157,
    0.013447770848870277,
    0.01604778878390789,
    0.013606288470327854,
    0.007163011934608221,
    0.01237053144723177,
    0.006458614952862263,
    0.006676660850644112,
    0.00607323506847024,
    0.006788428872823715,
    0.012838219292461872,
    0.028685208410024643,
    0.0028941184282302856,
    0.053879644721746445,
    0.015297961421310902,
    0.018425852060317993,
    0.025544317439198494,
    0.01789386384189129,
    0.013155508786439896,
    0.02618841640651226,
    0.019319558516144753,
    0.013487225398421288,
    0.013976641930639744,
    0.030710941180586815,
    0.008931939490139484,
    0.009415601380169392,
    0.008564634248614311,
    0.0033901820424944162,
    0.012166857719421387,
    0.016308465972542763,
    0.009269625879824162,
    0.015082865953445435,
    0.01162671484053135,
    0.012528580613434315,
    0.023879779502749443,
    0.029711609706282616,
    0.009388056583702564,
    0.010763459838926792,
    0.01491442508995533,
    0.013460909016430378,
    0.02136392891407013
  ],
  "selected_expert_ids": [
    36,
    17,
    3,
    2,
    14,
    8,
    46,
    58
  ],
  "effective_gate_weights": [
    0.053879644721746445,
    0.041195131838321686,
    0.04000086709856987,
    0.03895518556237221,
    0.03762783110141754,
    0.033733487129211426,
    0.030710941180586815,
    0.029711609706282616
  ],
  "topk_ranks": [
    0,
    1,
    2,
    3,
    4,
    5,
    6,
    7
  ],
  "top1_top2_gap": 0.012684512883424759,
  "routing_entropy": 3.9623477458953857,
  "sample_id": "layer_8_sample_036",
  "microbatch_id": null,
  "sequence_length": 16,
  "all_expert_count": 64,
  "selected_destination_ids": [
    36,
    17,
    3,
    2,
    14,
    8,
    46,
    58
  ],
  "expert_to_destination_map": {},
  "layer_name": "model.layers.8.mlp",
  "run_id": null,
  "mode": "real",
  "all_token_selected_expert_ids": [
    [
      22,
      7,
      29,
      32,
      60,
      1,
      59,
      33
    ],
    [
      32,
      51,
      18,
      43,
      31,
      8,
      60,
      9
    ],
    [
      53,
      23,
      51,
      8,
      18,
      2,
      14,
      19
    ],
    [
      55,
      52,
      3,
      57,
      12,
      6,
      51,
      63
    ],
    [
      3,
      28,
      17,
      8,
      51,
      42,
      14,
      47
    ],
    [
      53,
      3,
      14,
      8,
      18,
      42,
      51,
      31
    ],
    [
      3,
      55,
      57,
      63,
      6,
      52,
      14,
      42
    ],
    [
      28,
      3,
      17,
      42,
      47,
      0,
      54,
      8
    ],
    [
      17,
      53,
      3,
      8,
      42,
      56,
      14,
      36
    ],
    [
      49,
      57,
      55,
      63,
      14,
      42,
      6,
      5
    ],
    [
      18,
      10,
      28,
      0,
      50,
      14,
      35,
      21
    ],
    [
      53,
      0,
      3,
      8,
      43,
      14,
      42,
      18
    ],
    [
      57,
      42,
      55,
      14,
      3,
      6,
      52,
      34
    ],
    [
      40,
      43,
      3,
      8,
      0,
      14,
      46,
      28
    ],
    [
      36,
      17,
      3,
      2,
      14,
      8,
      46,
      58
    ],
    [
      35,
      10,
      50,
      29,
      18,
      1,
      30,
      14
    ]
  ]
}