{
  "layer_path": "model.layers.8.mlp",
  "layer_id": 8,
  "token_pos": 17,
  "target_token_id": 20384,
  "target_token_text": " restoration",
  "next_token_id": 7211,
  "next_token_text": " notes",
  "router_logits": [
    -3.181640625,
    -3.03515625,
    -1.912109375,
    -0.401123046875,
    -3.365234375,
    0.240966796875,
    -0.471923828125,
    -0.99365234375,
    -0.73876953125,
    -1.8603515625,
    -3.72265625,
    -0.82421875,
    -0.133544921875,
    -2.326171875,
    -0.60302734375,
    -1.337890625,
    -1.00390625,
    -1.646484375,
    -3.091796875,
    -1.201171875,
    -0.13232421875,
    -3.173828125,
    -0.89013671875,
    -1.396484375,
    0.828125,
    -0.392822265625,
    -0.8203125,
    -1.1708984375,
    -1.9052734375,
    -1.9296875,
    -2.064453125,
    -3.029296875,
    -1.623046875,
    -0.2489013671875,
    0.376708984375,
    -3.841796875,
    -0.484375,
    -1.48046875,
    -1.2021484375,
    -1.15234375,
    -2.796875,
    -0.86572265625,
    0.31640625,
    -2.55078125,
    -0.99853515625,
    -1.3193359375,
    -0.9794921875,
    -1.7978515625,
    -1.103515625,
    0.12432861328125,
    -3.466796875,
    -0.984375,
    -0.411865234375,
    -1.5517578125,
    -1.0712890625,
    0.45361328125,
    -0.60498046875,
    0.72802734375,
    -0.671875,
    -1.3115234375,
    -0.671875,
    -0.79248046875,
    -0.90283203125,
    0.422119140625
  ],
  "router_probabilities": [
    0.0013511574361473322,
    0.0015643119113519788,
    0.004809017758816481,
    0.021790610626339912,
    0.0011245330097153783,
    0.041411932557821274,
    0.02030116878449917,
    0.01204861793667078,
    0.015546455979347229,
    0.005064476281404495,
    0.0007865853258408606,
    0.014273198321461678,
    0.02847587689757347,
    0.0031785666942596436,
    0.017806701362133026,
    0.008539577946066856,
    0.011925702914595604,
    0.006272141821682453,
    0.0014781708596274257,
    0.009790674783289433,
    0.02851065807044506,
    0.001361754722893238,
    0.01336267776787281,
    0.008053588680922985,
    0.07449464499950409,
    0.02197224274277687,
    0.014329061843454838,
    0.01009160466492176,
    0.004842004738748074,
    0.004725222941488028,
    0.004129469860345125,
    0.0015735045308247209,
    0.006420881021767855,
    0.025373388081789017,
    0.04743266850709915,
    0.0006982384365983307,
    0.020049961283802986,
    0.007404837757349014,
    0.009781118482351303,
    0.01028059795498848,
    0.0019852151162922382,
    0.013692929409444332,
    0.04465688392519951,
    0.002539128763601184,
    0.011989928781986237,
    0.008699506521224976,
    0.012220441363751888,
    0.005391106475144625,
    0.01079503819346428,
    0.036852773278951645,
    0.0010159309022128582,
    0.012160916812717915,
    0.02155778557062149,
    0.006895330268889666,
    0.01114859152585268,
    0.05122437700629234,
    0.01777195744216442,
    0.06739895790815353,
    0.01662200316786766,
    0.008767737075686455,
    0.01662200316786766,
    0.014733470045030117,
    0.013194105587899685,
    0.049636248499155045
  ],
  "selected_expert_ids": [
    24,
    57,
    55,
    63,
    34,
    42,
    5,
    49
  ],
  "effective_gate_weights": [
    0.07449464499950409,
    0.06739895790815353,
    0.05122437700629234,
    0.049636248499155045,
    0.04743266850709915,
    0.04465688392519951,
    0.041411932557821274,
    0.036852773278951645
  ],
  "topk_ranks": [
    0,
    1,
    2,
    3,
    4,
    5,
    6,
    7
  ],
  "top1_top2_gap": 0.007095687091350555,
  "routing_entropy": 3.738424777984619,
  "sample_id": "layer_8_sample_035",
  "microbatch_id": null,
  "sequence_length": 19,
  "all_expert_count": 64,
  "selected_destination_ids": [
    24,
    57,
    55,
    63,
    34,
    42,
    5,
    49
  ],
  "expert_to_destination_map": {},
  "layer_name": "model.layers.8.mlp",
  "run_id": null,
  "mode": "real",
  "all_token_selected_expert_ids": [
    [
      22,
      7,
      29,
      32,
      60,
      1,
      59,
      33
    ],
    [
      55,
      52,
      57,
      6,
      49,
      12,
      5,
      33
    ],
    [
      44,
      5,
      24,
      6,
      38,
      12,
      61,
      49
    ],
    [
      55,
      5,
      12,
      57,
      63,
      52,
      49,
      58
    ],
    [
      28,
      18,
      11,
      17,
      14,
      32,
      56,
      42
    ],
    [
      23,
      56,
      53,
      42,
      15,
      14,
      5,
      58
    ],
    [
      56,
      2,
      23,
      14,
      42,
      53,
      58,
      39
    ],
    [
      57,
      55,
      5,
      63,
      34,
      42,
      58,
      20
    ],
    [
      56,
      28,
      17,
      42,
      58,
      0,
      15,
      5
    ],
    [
      56,
      53,
      23,
      8,
      2,
      0,
      15,
      42
    ],
    [
      55,
      57,
      63,
      12,
      6,
      34,
      42,
      5
    ],
    [
      50,
      21,
      10,
      35,
      30,
      1,
      58,
      18
    ],
    [
      28,
      42,
      17,
      5,
      56,
      39,
      47,
      58
    ],
    [
      56,
      41,
      5,
      42,
      58,
      34,
      57,
      3
    ],
    [
      0,
      56,
      28,
      15,
      17,
      9,
      42,
      58
    ],
    [
      44,
      24,
      5,
      61,
      6,
      56,
      14,
      42
    ],
    [
      24,
      20,
      42,
      5,
      36,
      17,
      8,
      57
    ],
    [
      24,
      57,
      55,
      63,
      34,
      42,
      5,
      49
    ],
    [
      55,
      57,
      42,
      63,
      20,
      5,
      34,
      12
    ]
  ]
}