{
  "layer_path": "model.layers.8.mlp",
  "layer_id": 8,
  "token_pos": 13,
  "target_token_id": 15050,
  "target_token_text": " routes",
  "next_token_id": 32,
  "next_token_text": "?",
  "router_logits": [
    -2.41015625,
    -2.1484375,
    -1.650390625,
    0.658203125,
    -2.41796875,
    -1.0341796875,
    0.005275726318359375,
    -0.94580078125,
    -0.88916015625,
    -1.974609375,
    -2.16796875,
    -0.77880859375,
    -0.36376953125,
    -1.7421875,
    -0.476318359375,
    -2.23828125,
    -0.6455078125,
    -1.5078125,
    -2.490234375,
    -0.340576171875,
    -0.423583984375,
    -1.8955078125,
    -0.68701171875,
    -0.94140625,
    -1.029296875,
    -0.72216796875,
    -0.36474609375,
    -1.193359375,
    -1.423828125,
    -1.2705078125,
    -1.2490234375,
    -2.134765625,
    -1.115234375,
    -0.583984375,
    0.2548828125,
    -2.330078125,
    -0.39453125,
    -0.9677734375,
    -1.1796875,
    -0.56396484375,
    -1.98828125,
    -0.67529296875,
    -0.1705322265625,
    -2.388671875,
    -0.58349609375,
    -1.1455078125,
    -1.037109375,
    -1.60546875,
    -0.47900390625,
    -0.4599609375,
    -1.9501953125,
    -0.5361328125,
    0.71484375,
    -1.451171875,
    -0.37890625,
    0.58837890625,
    -1.275390625,
    0.5732421875,
    -0.50927734375,
    -0.73046875,
    -0.81787109375,
    -0.491943359375,
    -0.85546875,
    0.296630859375
  ],
  "router_probabilities": [
    0.0027369412127882242,
    0.0035557274241000414,
    0.005850964691489935,
    0.058862268924713135,
    0.0027156423311680555,
    0.01083538867533207,
    0.030638976022601128,
    0.011836600489914417,
    0.012526382692158222,
    0.004230786114931107,
    0.003486953442916274,
    0.013987842947244644,
    0.02118360809981823,
    0.00533777941018343,
    0.018928691744804382,
    0.003250198205932975,
    0.01598241925239563,
    0.006747584789991379,
    0.002526317723095417,
    0.021680667996406555,
    0.01995367370545864,
    0.004579039756208658,
    0.015332664363086224,
    0.011888730339705944,
    0.010888424701988697,
    0.014802990481257439,
    0.021162930876016617,
    0.009240886196494102,
    0.0073387534357607365,
    0.008554772473871708,
    0.008740555495023727,
    0.0036046747118234634,
    0.009991779923439026,
    0.016996590420603752,
    0.0393257699906826,
    0.0029651245567947626,
    0.020541884005069733,
    0.011579354293644428,
    0.009368093684315681,
    0.0173402838408947,
    0.0041733370162546635,
    0.015513401478528976,
    0.025699330493807793,
    0.002796378917992115,
    0.017004892230033875,
    0.009693827480077744,
    0.010803690180182457,
    0.006119793746620417,
    0.018877925351262093,
    0.019240863621234894,
    0.004335348028689623,
    0.01782967709004879,
    0.062292493879795074,
    0.00714080361649394,
    0.020865371450781822,
    0.054892465472221375,
    0.008513103239238262,
    0.05406783148646355,
    0.018314989283680916,
    0.014680622145533562,
    0.013451977632939816,
    0.018635230138897896,
    0.012955604121088982,
    0.0410022959113121
  ],
  "selected_expert_ids": [
    52,
    3,
    55,
    57,
    63,
    34,
    6,
    42
  ],
  "effective_gate_weights": [
    0.062292493879795074,
    0.058862268924713135,
    0.054892465472221375,
    0.05406783148646355,
    0.0410022959113121,
    0.0393257699906826,
    0.030638976022601128,
    0.025699330493807793
  ],
  "topk_ranks": [
    0,
    1,
    2,
    3,
    4,
    5,
    6,
    7
  ],
  "top1_top2_gap": 0.0034302249550819397,
  "routing_entropy": 3.855893135070801,
  "sample_id": "layer_8_sample_037",
  "microbatch_id": null,
  "sequence_length": 15,
  "all_expert_count": 64,
  "selected_destination_ids": [
    52,
    3,
    55,
    57,
    63,
    34,
    6,
    42
  ],
  "expert_to_destination_map": {},
  "layer_name": "model.layers.8.mlp",
  "run_id": null,
  "mode": "real",
  "all_token_selected_expert_ids": [
    [
      22,
      7,
      29,
      32,
      60,
      1,
      59,
      33
    ],
    [
      18,
      32,
      31,
      60,
      47,
      62,
      38,
      51
    ],
    [
      53,
      47,
      23,
      18,
      51,
      0,
      62,
      32
    ],
    [
      3,
      44,
      51,
      24,
      6,
      42,
      52,
      57
    ],
    [
      52,
      57,
      55,
      63,
      49,
      3,
      14,
      51
    ],
    [
      17,
      3,
      47,
      28,
      51,
      36,
      42,
      14
    ],
    [
      28,
      18,
      47,
      3,
      17,
      0,
      51,
      14
    ],
    [
      53,
      3,
      42,
      54,
      13,
      14,
      47,
      11
    ],
    [
      55,
      3,
      57,
      63,
      12,
      52,
      6,
      24
    ],
    [
      3,
      28,
      17,
      11,
      40,
      42,
      47,
      54
    ],
    [
      17,
      3,
      11,
      36,
      53,
      42,
      54,
      39
    ],
    [
      24,
      36,
      3,
      34,
      57,
      49,
      42,
      17
    ],
    [
      6,
      55,
      3,
      57,
      24,
      52,
      54,
      14
    ],
    [
      52,
      3,
      55,
      57,
      63,
      34,
      6,
      42
    ],
    [
      50,
      35,
      10,
      3,
      29,
      30,
      1,
      18
    ]
  ]
}