{
  "layer_path": "model.layers.8.mlp",
  "layer_id": 8,
  "token_pos": 15,
  "target_token_id": 1072,
  "target_token_text": " same",
  "next_token_id": 8959,
  "next_token_text": " prompt",
  "router_logits": [
    -0.40869140625,
    -2.953125,
    -1.0263671875,
    0.1943359375,
    -1.9296875,
    -0.7978515625,
    -1.1611328125,
    -1.9365234375,
    -0.7470703125,
    -0.9140625,
    -2.533203125,
    -1.1455078125,
    -2.91015625,
    -1.5517578125,
    -0.7275390625,
    -0.76318359375,
    -1.05078125,
    0.1876220703125,
    -1.0634765625,
    -1.4931640625,
    -0.83154296875,
    -1.962890625,
    -0.9990234375,
    -0.80078125,
    -1.017578125,
    -1.62109375,
    -1.4375,
    -1.3876953125,
    -1.3408203125,
    -2.607421875,
    -2.103515625,
    -1.5986328125,
    -1.509765625,
    -0.9736328125,
    -1.6142578125,
    -3.10546875,
    -0.8232421875,
    -1.04296875,
    -0.54248046875,
    -0.7431640625,
    -1.1201171875,
    -0.92041015625,
    0.1680908203125,
    -1.923828125,
    -1.431640625,
    -1.4501953125,
    -1.529296875,
    -1.5205078125,
    -0.95166015625,
    -2.705078125,
    -2.67578125,
    -1.3671875,
    -1.58203125,
    0.4794921875,
    -0.52294921875,
    -3.37890625,
    0.779296875,
    -2.982421875,
    -0.80859375,
    -1.2978515625,
    -1.0302734375,
    -0.8251953125,
    -1.2314453125,
    -3.103515625
  ],
  "router_probabilities": [
    0.027672702446579933,
    0.0021727916318923235,
    0.014921016059815884,
    0.050575826317071915,
    0.0060463231056928635,
    0.018751734867691994,
    0.013039784505963326,
    0.0060051316395401955,
    0.019728563725948334,
    0.016694432124495506,
    0.003306647064164281,
    0.013245131820440292,
    0.0022681886330246925,
    0.008823159150779247,
    0.02011767402291298,
    0.019413217902183533,
    0.014561142772436142,
    0.05023740604519844,
    0.014377453364431858,
    0.009355587884783745,
    0.018130486831068993,
    0.005848862696439028,
    0.015334641560912132,
    0.018696878105401993,
    0.015052733942866325,
    0.008232124149799347,
    0.009891124442219734,
    0.010396222583949566,
    0.010895147919654846,
    0.0030701179057359695,
    0.0050815800204873085,
    0.008419116958975792,
    0.009201552718877792,
    0.015728982165455818,
    0.008288591168820858,
    0.0018657612381502986,
    0.018281610682606697,
    0.014675348065793514,
    0.024207375943660736,
    0.019805777817964554,
    0.013585738837718964,
    0.01658879779279232,
    0.049265727400779724,
    0.006081854458898306,
    0.009949250146746635,
    0.009766346774995327,
    0.009023577906191349,
    0.009103236719965935,
    0.016078414395451546,
    0.0027844759169965982,
    0.0028672590851783752,
    0.010611627250909805,
    0.008560054935514927,
    0.06726432591676712,
    0.02468482404947281,
    0.001419396256096661,
    0.090779609978199,
    0.002110058907419443,
    0.018551377579569817,
    0.01137350220233202,
    0.014862844720482826,
    0.018245939165353775,
    0.012154416181147099,
    0.001869408879429102
  ],
  "selected_expert_ids": [
    56,
    53,
    3,
    17,
    42,
    0,
    54,
    38
  ],
  "effective_gate_weights": [
    0.090779609978199,
    0.06726432591676712,
    0.050575826317071915,
    0.05023740604519844,
    0.049265727400779724,
    0.027672702446579933,
    0.02468482404947281,
    0.024207375943660736
  ],
  "topk_ranks": [
    0,
    1,
    2,
    3,
    4,
    5,
    6,
    7
  ],
  "top1_top2_gap": 0.023515284061431885,
  "routing_entropy": 3.811570167541504,
  "sample_id": "layer_8_sample_046",
  "microbatch_id": null,
  "sequence_length": 17,
  "all_expert_count": 64,
  "selected_destination_ids": [
    56,
    53,
    3,
    17,
    42,
    0,
    54,
    38
  ],
  "expert_to_destination_map": {},
  "layer_name": "model.layers.8.mlp",
  "run_id": null,
  "mode": "real",
  "all_token_selected_expert_ids": [
    [
      22,
      7,
      29,
      32,
      60,
      1,
      59,
      33
    ],
    [
      2,
      38,
      32,
      23,
      62,
      6,
      51,
      53
    ],
    [
      62,
      38,
      51,
      57,
      42,
      6,
      3,
      52
    ],
    [
      21,
      18,
      30,
      10,
      35,
      60,
      3,
      62
    ],
    [
      9,
      23,
      18,
      21,
      42,
      53,
      3,
      31
    ],
    [
      3,
      24,
      57,
      55,
      20,
      6,
      63,
      54
    ],
    [
      6,
      3,
      54,
      57,
      42,
      55,
      24,
      20
    ],
    [
      3,
      21,
      30,
      10,
      54,
      35,
      18,
      42
    ],
    [
      3,
      21,
      9,
      54,
      30,
      10,
      42,
      18
    ],
    [
      3,
      9,
      54,
      53,
      42,
      23,
      60,
      56
    ],
    [
      3,
      6,
      57,
      55,
      42,
      54,
      52,
      20
    ],
    [
      3,
      52,
      57,
      55,
      20,
      63,
      42,
      54
    ],
    [
      42,
      56,
      28,
      3,
      17,
      34,
      5,
      18
    ],
    [
      56,
      3,
      42,
      17,
      28,
      18,
      54,
      5
    ],
    [
      53,
      56,
      3,
      23,
      42,
      54,
      8,
      5
    ],
    [
      56,
      53,
      3,
      17,
      42,
      0,
      54,
      38
    ],
    [
      3,
      57,
      55,
      42,
      63,
      52,
      6,
      34
    ]
  ]
}