{
  "layer_path": "model.layers.8.mlp",
  "layer_id": 8,
  "token_pos": 23,
  "target_token_id": 2693,
  "target_token_text": "09",
  "next_token_id": 62,
  "next_token_text": "]",
  "router_logits": [
    -2.59375,
    -1.9892578125,
    -0.83642578125,
    -0.74755859375,
    -2.5703125,
    -1.5283203125,
    -1.654296875,
    -1.3154296875,
    -1.8837890625,
    -1.099609375,
    -2.3671875,
    -0.0787353515625,
    -2.052734375,
    -1.609375,
    -0.884765625,
    -2.0546875,
    -0.1474609375,
    -2.078125,
    -1.908203125,
    -1.4951171875,
    -0.95947265625,
    -1.876953125,
    -1.2548828125,
    -1.1513671875,
    -1.3056640625,
    -2.5859375,
    -0.99365234375,
    -0.640625,
    -2.341796875,
    -1.4794921875,
    -1.375,
    -1.748046875,
    -1.36328125,
    -1.1298828125,
    -1.357421875,
    -2.4609375,
    -1.3544921875,
    1.0185546875,
    -1.66015625,
    -1.4072265625,
    -1.8369140625,
    -1.5625,
    -1.9140625,
    -2.08984375,
    -1.158203125,
    0.96142578125,
    -1.66796875,
    -2.359375,
    -1.01171875,
    -2.033203125,
    -2.44140625,
    -0.07305908203125,
    -0.82666015625,
    -1.5537109375,
    0.097412109375,
    -2.263671875,
    -1.6796875,
    -2.009765625,
    -1.208984375,
    -1.2890625,
    -0.943359375,
    -1.42578125,
    -0.66015625,
    -1.9697265625
  ],
  "router_probabilities": [
    0.0033188913948833942,
    0.006074641831219196,
    0.01923929899930954,
    0.02102731354534626,
    0.0033975967671722174,
    0.009631707333028316,
    0.008491654880344868,
    0.011916822753846645,
    0.006750332657247782,
    0.0147873405367136,
    0.004162822850048542,
    0.04104403406381607,
    0.005701027810573578,
    0.00888181384652853,
    0.018331395462155342,
    0.005689903628081083,
    0.038318004459142685,
    0.005558097269386053,
    0.006587524898350239,
    0.00995687860995531,
    0.017011817544698715,
    0.006796635687351227,
    0.01266064029186964,
    0.014041449874639511,
    0.012033768929541111,
    0.003344921860843897,
    0.01644018106162548,
    0.02340046316385269,
    0.004269872792065144,
    0.010113677009940147,
    0.011227665469050407,
    0.007731740362942219,
    0.011360013857483864,
    0.01434638537466526,
    0.011426771059632301,
    0.0037902931217104197,
    0.01146029680967331,
    0.12296939641237259,
    0.00844204518944025,
    0.010871604084968567,
    0.007074288092553616,
    0.009308061562478542,
    0.006549038924276829,
    0.0054933433420956135,
    0.013945790007710457,
    0.1161411926150322,
    0.0083763487637043,
    0.0041954717598855495,
    0.01614583469927311,
    0.00581347057595849,
    0.003865049919113517,
    0.041277673095464706,
    0.019428104162216187,
    0.009390231221914291,
    0.04894968494772911,
    0.004616832826286554,
    0.008278761059045792,
    0.005951332859694958,
    0.013255286030471325,
    0.012235215865075588,
    0.017288153991103172,
    0.010671745054423809,
    0.022947857156395912,
    0.0061944532208144665
  ],
  "selected_expert_ids": [
    37,
    45,
    54,
    51,
    11,
    16,
    27,
    62
  ],
  "effective_gate_weights": [
    0.12296939641237259,
    0.1161411926150322,
    0.04894968494772911,
    0.041277673095464706,
    0.04104403406381607,
    0.038318004459142685,
    0.02340046316385269,
    0.022947857156395912
  ],
  "topk_ranks": [
    0,
    1,
    2,
    3,
    4,
    5,
    6,
    7
  ],
  "top1_top2_gap": 0.006828203797340393,
  "routing_entropy": 3.6809351444244385,
  "sample_id": "layer_8_sample_045",
  "microbatch_id": null,
  "sequence_length": 25,
  "all_expert_count": 64,
  "selected_destination_ids": [
    37,
    45,
    54,
    51,
    11,
    16,
    27,
    62
  ],
  "expert_to_destination_map": {},
  "layer_name": "model.layers.8.mlp",
  "run_id": null,
  "mode": "real",
  "all_token_selected_expert_ids": [
    [
      22,
      7,
      29,
      32,
      60,
      1,
      59,
      33
    ],
    [
      3,
      52,
      51,
      62,
      57,
      54,
      24,
      16
    ],
    [
      3,
      16,
      54,
      32,
      30,
      29,
      18,
      10
    ],
    [
      49,
      51,
      3,
      6,
      57,
      46,
      38,
      62
    ],
    [
      16,
      62,
      3,
      54,
      60,
      30,
      37,
      32
    ],
    [
      45,
      37,
      16,
      3,
      54,
      62,
      11,
      51
    ],
    [
      16,
      45,
      37,
      54,
      30,
      3,
      21,
      62
    ],
    [
      45,
      37,
      3,
      51,
      54,
      16,
      11,
      14
    ],
    [
      16,
      45,
      37,
      30,
      54,
      3,
      62,
      21
    ],
    [
      45,
      37,
      51,
      54,
      3,
      11,
      14,
      16
    ],
    [
      16,
      3,
      54,
      30,
      21,
      10,
      62,
      32
    ],
    [
      3,
      54,
      51,
      57,
      11,
      20,
      6,
      16
    ],
    [
      16,
      54,
      3,
      62,
      37,
      11,
      30,
      27
    ],
    [
      37,
      45,
      54,
      16,
      11,
      3,
      62,
      51
    ],
    [
      16,
      37,
      54,
      45,
      11,
      62,
      3,
      60
    ],
    [
      37,
      45,
      11,
      54,
      3,
      16,
      51,
      14
    ],
    [
      16,
      37,
      54,
      45,
      30,
      11,
      62,
      21
    ],
    [
      37,
      45,
      16,
      54,
      62,
      11,
      9,
      27
    ],
    [
      16,
      37,
      45,
      54,
      11,
      62,
      27,
      9
    ],
    [
      45,
      37,
      11,
      54,
      51,
      16,
      3,
      62
    ],
    [
      16,
      37,
      54,
      45,
      30,
      62,
      11,
      21
    ],
    [
      37,
      45,
      16,
      54,
      27,
      11,
      62,
      9
    ],
    [
      16,
      37,
      45,
      54,
      11,
      27,
      62,
      9
    ],
    [
      37,
      45,
      54,
      51,
      11,
      16,
      27,
      62
    ],
    [
      54,
      3,
      30,
      1,
      10,
      35,
      32,
      62
    ]
  ]
}