{
  "layer_path": "model.layers.8.mlp",
  "layer_id": 8,
  "token_pos": 14,
  "target_token_id": 13823,
  "target_token_text": "aware",
  "next_token_id": 11674,
  "next_token_text": " priority",
  "router_logits": [
    -1.8359375,
    -2.306640625,
    -0.82470703125,
    0.0195159912109375,
    -1.7353515625,
    -1.103515625,
    -0.95947265625,
    -0.4697265625,
    -0.5576171875,
    -0.95556640625,
    -2.025390625,
    -0.74658203125,
    -0.8251953125,
    -1.7939453125,
    0.113525390625,
    -2.1328125,
    -1.1123046875,
    -0.84912109375,
    -0.92138671875,
    -1.0576171875,
    0.7099609375,
    -1.6875,
    -0.794921875,
    -1.056640625,
    0.76953125,
    -0.8095703125,
    -0.68896484375,
    -0.87255859375,
    -1.1630859375,
    -1.5400390625,
    -1.173828125,
    -2.455078125,
    -1.171875,
    -0.91845703125,
    -0.787109375,
    -2.322265625,
    0.1788330078125,
    -0.76171875,
    -0.79150390625,
    -1.3896484375,
    -1.84375,
    -1.01171875,
    -0.383056640625,
    -2.0625,
    -0.86572265625,
    -0.9130859375,
    -0.8974609375,
    -1.0322265625,
    -0.6669921875,
    -0.032440185546875,
    -2.193359375,
    -0.0755615234375,
    0.71630859375,
    -1.2578125,
    -0.9072265625,
    -0.873046875,
    -1.515625,
    0.31005859375,
    -0.72802734375,
    -0.6884765625,
    -0.97265625,
    -0.72802734375,
    -0.81396484375,
    -0.057830810546875
  ],
  "router_probabilities": [
    0.0048858546651899815,
    0.003051523817703128,
    0.013431123457849026,
    0.03124307468533516,
    0.005402869079262018,
    0.01016312651336193,
    0.011737736873328686,
    0.019154833629727364,
    0.017543166875839233,
    0.011783678084611893,
    0.004042612388730049,
    0.014522507786750793,
    0.013424567878246307,
    0.005095391068607569,
    0.03432270511984825,
    0.0036308588460087776,
    0.010074193589389324,
    0.013107186183333397,
    0.012193402275443077,
    0.010640469379723072,
    0.06231752410531044,
    0.0056676906533539295,
    0.01383718941360712,
    0.01065086480230093,
    0.06614259630441666,
    0.013635973446071148,
    0.015383828431367874,
    0.012803558260202408,
    0.009575385600328445,
    0.006568219047039747,
    0.009473075158894062,
    0.0026305781211704016,
    0.009491595439612865,
    0.012229178100824356,
    0.013945716433227062,
    0.003004214260727167,
    0.036639053374528885,
    0.01430433988571167,
    0.01388456579297781,
    0.007634162437170744,
    0.00484783248975873,
    0.011140231043100357,
    0.020889049395918846,
    0.0038953430484980345,
    0.012891382910311222,
    0.012295037508010864,
    0.012488656677305698,
    0.010914095677435398,
    0.015725592151284218,
    0.029661251232028008,
    0.0034175445325672626,
    0.028409402817487717,
    0.0627143532037735,
    0.008709977380931377,
    0.012367291375994682,
    0.012797308154404163,
    0.0067305490374565125,
    0.04177676513791084,
    0.014794483780860901,
    0.015391342341899872,
    0.011584007181227207,
    0.014794483780860901,
    0.01357618160545826,
    0.028917614370584488
  ],
  "selected_expert_ids": [
    24,
    52,
    20,
    57,
    36,
    14,
    3,
    49
  ],
  "effective_gate_weights": [
    0.06614259630441666,
    0.0627143532037735,
    0.06231752410531044,
    0.04177676513791084,
    0.036639053374528885,
    0.03432270511984825,
    0.03124307468533516,
    0.029661251232028008
  ],
  "topk_ranks": [
    0,
    1,
    2,
    3,
    4,
    5,
    6,
    7
  ],
  "top1_top2_gap": 0.003428243100643158,
  "routing_entropy": 3.8803296089172363,
  "sample_id": "layer_8_sample_044",
  "microbatch_id": null,
  "sequence_length": 16,
  "all_expert_count": 64,
  "selected_destination_ids": [
    24,
    52,
    20,
    57,
    36,
    14,
    3,
    49
  ],
  "expert_to_destination_map": {},
  "layer_name": "model.layers.8.mlp",
  "run_id": null,
  "mode": "real",
  "all_token_selected_expert_ids": [
    [
      22,
      7,
      29,
      32,
      60,
      1,
      59,
      33
    ],
    [
      49,
      38,
      6,
      32,
      51,
      14,
      3,
      44
    ],
    [
      45,
      37,
      52,
      14,
      32,
      49,
      11,
      44
    ],
    [
      18,
      14,
      11,
      28,
      10,
      40,
      32,
      0
    ],
    [
      6,
      14,
      24,
      57,
      55,
      54,
      38,
      62
    ],
    [
      6,
      14,
      61,
      49,
      24,
      16,
      38,
      11
    ],
    [
      24,
      52,
      14,
      36,
      3,
      61,
      57,
      42
    ],
    [
      24,
      3,
      57,
      6,
      52,
      36,
      49,
      63
    ],
    [
      30,
      18,
      21,
      10,
      35,
      50,
      3,
      1
    ],
    [
      6,
      52,
      3,
      45,
      37,
      57,
      27,
      38
    ],
    [
      37,
      45,
      20,
      52,
      3,
      11,
      12,
      55
    ],
    [
      18,
      9,
      3,
      28,
      0,
      42,
      40,
      11
    ],
    [
      20,
      49,
      57,
      24,
      3,
      6,
      52,
      51
    ],
    [
      49,
      61,
      6,
      20,
      24,
      3,
      16,
      14
    ],
    [
      24,
      52,
      20,
      57,
      36,
      14,
      3,
      49
    ],
    [
      57,
      52,
      20,
      6,
      3,
      63,
      24,
      55
    ]
  ]
}