{
  "layer_path": "model.layers.8.mlp",
  "layer_id": 8,
  "token_pos": 16,
  "target_token_id": 5662,
  "target_token_text": " older",
  "next_token_id": 19440,
  "next_token_text": " precedent",
  "router_logits": [
    -0.3740234375,
    -2.744140625,
    1.220703125,
    -0.44580078125,
    -0.84375,
    0.404052734375,
    -0.91845703125,
    -0.445068359375,
    -0.233154296875,
    0.89794921875,
    -2.302734375,
    -0.25244140625,
    -1.23046875,
    -0.9599609375,
    -0.479248046875,
    0.436279296875,
    -1.4462890625,
    -0.1339111328125,
    -0.1510009765625,
    0.5673828125,
    0.6787109375,
    -1.4306640625,
    -0.884765625,
    -0.3896484375,
    0.5244140625,
    -0.75439453125,
    -0.8134765625,
    -1.3193359375,
    -1.189453125,
    -1.6923828125,
    -1.57421875,
    -1.8447265625,
    -1.2822265625,
    -0.6455078125,
    -0.765625,
    -2.630859375,
    0.85009765625,
    -0.75830078125,
    -0.55517578125,
    -1.265625,
    -0.92529296875,
    -0.497314453125,
    -0.5615234375,
    -1.2275390625,
    -1.275390625,
    -0.63037109375,
    0.5830078125,
    -0.60498046875,
    -1.322265625,
    -0.48828125,
    -2.232421875,
    -1.1103515625,
    -1.4716796875,
    0.5107421875,
    -1.0107421875,
    -1.8076171875,
    -0.74169921875,
    -1.349609375,
    -0.4765625,
    -1.220703125,
    -0.86376953125,
    -0.77734375,
    -0.9892578125,
    -1.6142578125
  ],
  "router_probabilities": [
    0.01624920777976513,
    0.0015188097022473812,
    0.08005955070257187,
    0.015123756602406502,
    0.010158569552004337,
    0.035379067063331604,
    0.009427308104932308,
    0.015134838409721851,
    0.018707290291786194,
    0.05797528475522995,
    0.002361585618928075,
    0.018349938094615936,
    0.006900534499436617,
    0.009044046513736248,
    0.014626274816691875,
    0.036537785083055496,
    0.005561003461480141,
    0.020659111440181732,
    0.020309049636125565,
    0.04165620729327202,
    0.04656171053647995,
    0.005648576654493809,
    0.009750338271260262,
    0.01599728874862194,
    0.03990420326590538,
    0.01110808365046978,
    0.010470806621015072,
    0.006313762161880732,
    0.007189448922872543,
    0.004347864538431168,
    0.004893211647868156,
    0.003733481280505657,
    0.00655246339738369,
    0.012385914102196693,
    0.010984031483530998,
    0.001700986293144524,
    0.05526641011238098,
    0.01106477715075016,
    0.013556849211454391,
    0.006662152241915464,
    0.00936308316886425,
    0.014364403672516346,
    0.013471066020429134,
    0.006920780520886183,
    0.0065974085591733456,
    0.012574820779263973,
    0.042312201112508774,
    0.01289819274097681,
    0.006295291241258383,
    0.014494748786091805,
    0.002533611608669162,
    0.007781242486089468,
    0.005421583540737629,
    0.0393623523414135,
    0.00859624519944191,
    0.003874631132930517,
    0.01125000324100256,
    0.006125486455857754,
    0.014665607362985611,
    0.006968252826482058,
    0.00995722133666277,
    0.010856064036488533,
    0.008782927878201008,
    0.004701162222772837
  ],
  "selected_expert_ids": [
    2,
    9,
    36,
    20,
    46,
    19,
    24,
    53
  ],
  "effective_gate_weights": [
    0.08005955070257187,
    0.05797528475522995,
    0.05526641011238098,
    0.04656171053647995,
    0.042312201112508774,
    0.04165620729327202,
    0.03990420326590538,
    0.0393623523414135
  ],
  "topk_ranks": [
    0,
    1,
    2,
    3,
    4,
    5,
    6,
    7
  ],
  "top1_top2_gap": 0.02208426594734192,
  "routing_entropy": 3.798293352127075,
  "sample_id": "layer_8_sample_031",
  "microbatch_id": null,
  "sequence_length": 18,
  "all_expert_count": 64,
  "selected_destination_ids": [
    2,
    9,
    36,
    20,
    46,
    19,
    24,
    53
  ],
  "expert_to_destination_map": {},
  "layer_name": "model.layers.8.mlp",
  "run_id": null,
  "mode": "real",
  "all_token_selected_expert_ids": [
    [
      22,
      7,
      29,
      32,
      60,
      1,
      59,
      33
    ],
    [
      49,
      24,
      6,
      38,
      32,
      51,
      62,
      59
    ],
    [
      49,
      5,
      12,
      63,
      57,
      55,
      52,
      59
    ],
    [
      5,
      18,
      28,
      46,
      19,
      43,
      17,
      38
    ],
    [
      18,
      10,
      19,
      43,
      5,
      35,
      50,
      46
    ],
    [
      53,
      19,
      23,
      18,
      31,
      43,
      46,
      8
    ],
    [
      49,
      55,
      19,
      57,
      63,
      6,
      12,
      25
    ],
    [
      18,
      40,
      13,
      31,
      43,
      47,
      19,
      5
    ],
    [
      40,
      47,
      13,
      18,
      31,
      19,
      43,
      46
    ],
    [
      17,
      46,
      47,
      28,
      36,
      18,
      49,
      8
    ],
    [
      18,
      47,
      28,
      0,
      40,
      17,
      46,
      4
    ],
    [
      36,
      46,
      17,
      49,
      38,
      25,
      34,
      6
    ],
    [
      18,
      0,
      28,
      17,
      2,
      47,
      46,
      4
    ],
    [
      2,
      53,
      5,
      46,
      19,
      15,
      23,
      36
    ],
    [
      5,
      55,
      57,
      36,
      63,
      19,
      49,
      34
    ],
    [
      18,
      21,
      10,
      50,
      30,
      35,
      9,
      1
    ],
    [
      2,
      9,
      36,
      20,
      46,
      19,
      24,
      53
    ],
    [
      20,
      49,
      57,
      63,
      55,
      36,
      34,
      5
    ]
  ]
}