{
  "layer_path": "model.layers.8.mlp",
  "layer_id": 8,
  "token_pos": 18,
  "target_token_id": 4395,
  "target_token_text": " moved",
  "next_token_id": 34065,
  "next_token_text": " unexpectedly",
  "router_logits": [
    -1.1591796875,
    -1.8212890625,
    -2.23046875,
    0.3291015625,
    -0.943359375,
    -0.94482421875,
    -1.0947265625,
    -0.99267578125,
    -0.67138671875,
    -0.70166015625,
    -1.3876953125,
    0.5830078125,
    -2.2421875,
    -1.603515625,
    -0.61181640625,
    -1.189453125,
    -1.3173828125,
    0.0711669921875,
    -0.9951171875,
    -0.96337890625,
    0.07427978515625,
    -1.6474609375,
    -1.0966796875,
    -1.8134765625,
    -0.92578125,
    -0.99169921875,
    -1.2861328125,
    -0.951171875,
    0.0904541015625,
    -1.8046875,
    -1.369140625,
    -1.341796875,
    -1.0869140625,
    -0.7685546875,
    0.003757476806640625,
    -1.716796875,
    -0.97265625,
    -1.0400390625,
    -0.638671875,
    -0.8828125,
    -0.36181640625,
    -1.1875,
    0.302001953125,
    -1.5576171875,
    -1.0478515625,
    -1.2939453125,
    -1.427734375,
    -0.57958984375,
    -0.96533203125,
    -2.31640625,
    -1.228515625,
    -1.0703125,
    -0.7890625,
    -1.67578125,
    -0.333251953125,
    -1.705078125,
    -0.24853515625,
    -1.26953125,
    -0.58984375,
    -0.94873046875,
    -1.0244140625,
    -0.90380859375,
    -0.57763671875,
    -1.689453125
  ],
  "router_probabilities": [
    0.010994439013302326,
    0.0056705167517066,
    0.0037663280963897705,
    0.048699602484703064,
    0.013642773032188416,
    0.01362280361354351,
    0.011726399883627892,
    0.012986280955374241,
    0.017906837165355682,
    0.01737285777926445,
    0.008748427033424377,
    0.06277626752853394,
    0.003722449066117406,
    0.007050183601677418,
    0.019005965441465378,
    0.010666587390005589,
    0.00938569288700819,
    0.03762754425406456,
    0.01295461505651474,
    0.013372366316616535,
    0.03774484992027283,
    0.006747070234268904,
    0.011703519150614738,
    0.005714991129934788,
    0.013884707354009151,
    0.012998969294130802,
    0.00968362670391798,
    0.013536603190004826,
    0.03836030885577202,
    0.0057654413394629955,
    0.008912267163395882,
    0.009159324690699577,
    0.011818371713161469,
    0.016248727217316628,
    0.03517468646168709,
    0.006295105442404747,
    0.01324888039380312,
    0.012385547161102295,
    0.01850234344601631,
    0.014494319446384907,
    0.024404142051935196,
    0.010687440633773804,
    0.04739758372306824,
    0.0073813172057271,
    0.012289161793887615,
    0.009608267806470394,
    0.008405068889260292,
    0.019628439098596573,
    0.013346274383366108,
    0.003456176957115531,
    0.010257956571877003,
    0.012016212567687035,
    0.015918895602226257,
    0.006558671128004789,
    0.025111284106969833,
    0.006369309965521097,
    0.027331342920660973,
    0.00984573271125555,
    0.019428199157118797,
    0.013569693081080914,
    0.01258059125393629,
    0.01419316790997982,
    0.01966681145131588,
    0.006469612009823322
  ],
  "selected_expert_ids": [
    11,
    3,
    42,
    28,
    20,
    17,
    34,
    56
  ],
  "effective_gate_weights": [
    0.06277626752853394,
    0.048699602484703064,
    0.04739758372306824,
    0.03836030885577202,
    0.03774484992027283,
    0.03762754425406456,
    0.03517468646168709,
    0.027331342920660973
  ],
  "topk_ranks": [
    0,
    1,
    2,
    3,
    4,
    5,
    6,
    7
  ],
  "top1_top2_gap": 0.014076665043830872,
  "routing_entropy": 3.945840835571289,
  "sample_id": "layer_8_sample_042",
  "microbatch_id": null,
  "sequence_length": 20,
  "all_expert_count": 64,
  "selected_destination_ids": [
    11,
    3,
    42,
    28,
    20,
    17,
    34,
    56
  ],
  "expert_to_destination_map": {},
  "layer_name": "model.layers.8.mlp",
  "run_id": null,
  "mode": "real",
  "all_token_selected_expert_ids": [
    [
      22,
      7,
      29,
      32,
      60,
      1,
      59,
      33
    ],
    [
      32,
      18,
      29,
      3,
      1,
      60,
      38,
      62
    ],
    [
      3,
      62,
      24,
      55,
      52,
      38,
      12,
      57
    ],
    [
      61,
      16,
      38,
      24,
      3,
      6,
      8,
      49
    ],
    [
      45,
      3,
      37,
      52,
      38,
      11,
      16,
      12
    ],
    [
      11,
      28,
      3,
      17,
      42,
      18,
      38,
      40
    ],
    [
      37,
      45,
      11,
      17,
      3,
      54,
      8,
      62
    ],
    [
      57,
      3,
      11,
      55,
      63,
      52,
      6,
      37
    ],
    [
      21,
      35,
      10,
      50,
      18,
      30,
      11,
      3
    ],
    [
      3,
      52,
      6,
      11,
      27,
      57,
      12,
      26
    ],
    [
      16,
      27,
      3,
      37,
      9,
      61,
      11,
      45
    ],
    [
      20,
      37,
      45,
      12,
      52,
      3,
      55,
      11
    ],
    [
      11,
      28,
      18,
      9,
      54,
      40,
      3,
      27
    ],
    [
      45,
      37,
      20,
      11,
      54,
      27,
      14,
      34
    ],
    [
      21,
      30,
      10,
      35,
      50,
      11,
      1,
      9
    ],
    [
      21,
      11,
      9,
      10,
      30,
      35,
      50,
      54
    ],
    [
      11,
      53,
      9,
      23,
      3,
      54,
      18,
      31
    ],
    [
      3,
      57,
      20,
      6,
      55,
      11,
      42,
      52
    ],
    [
      11,
      3,
      42,
      28,
      20,
      17,
      34,
      56
    ],
    [
      17,
      11,
      3,
      36,
      8,
      34,
      20,
      40
    ]
  ]
}