{
  "layer_path": "model.layers.8.mlp",
  "layer_id": 8,
  "token_pos": 14,
  "target_token_id": 27883,
  "target_token_text": " dispatch",
  "next_token_id": 3408,
  "next_token_text": " phase",
  "router_logits": [
    -2.22265625,
    -2.234375,
    -2.09765625,
    0.359130859375,
    -2.330078125,
    -0.5673828125,
    -0.01360321044921875,
    -0.8974609375,
    -0.50146484375,
    -1.890625,
    -2.400390625,
    -0.353271484375,
    -0.64111328125,
    -2.158203125,
    -0.1435546875,
    -1.8955078125,
    -0.83349609375,
    -1.568359375,
    -2.275390625,
    -0.27783203125,
    -0.79541015625,
    -1.9560546875,
    -0.97705078125,
    -1.2958984375,
    0.38232421875,
    -0.73779296875,
    -0.798828125,
    -1.05078125,
    -1.5205078125,
    -1.4833984375,
    -1.30859375,
    -2.46875,
    -1.03515625,
    -0.5126953125,
    -0.158447265625,
    -2.478515625,
    -0.02386474609375,
    -1.330078125,
    -0.7978515625,
    -0.814453125,
    -2.697265625,
    -0.8427734375,
    0.3876953125,
    -2.478515625,
    -0.50537109375,
    -1.447265625,
    -0.763671875,
    -0.9365234375,
    -0.736328125,
    -0.77294921875,
    -2.69921875,
    -0.93359375,
    0.189453125,
    -1.4130859375,
    -0.73583984375,
    0.2005615234375,
    -1.40625,
    0.461669921875,
    -0.240966796875,
    -0.767578125,
    -0.69970703125,
    -0.58984375,
    -0.9072265625,
    -0.0924072265625
  ],
  "router_probabilities": [
    0.0034822775050997734,
    0.0034417074639350176,
    0.003945936914533377,
    0.046038296073675156,
    0.0031275958754122257,
    0.018228018656373024,
    0.03171340748667717,
    0.013103531673550606,
    0.019470060244202614,
    0.00485358526930213,
    0.00291523989289999,
    0.02258015237748623,
    0.0169324092566967,
    0.003714111866429448,
    0.027848748490214348,
    0.0048299445770680904,
    0.013969085179269314,
    0.006699167657643557,
    0.003303399309515953,
    0.024349486455321312,
    0.014511371962726116,
    0.004546183627098799,
    0.012101046741008759,
    0.0087972953915596,
    0.04711855947971344,
    0.01537203136831522,
    0.01446185726672411,
    0.011240929365158081,
    0.007027527317404747,
    0.007293213624507189,
    0.008686317130923271,
    0.0027226146776229143,
    0.011417947709560394,
    0.019252626225352287,
    0.027437081560492516,
    0.0026961560361087322,
    0.031389642506837845,
    0.008501687087118626,
    0.014475986361503601,
    0.014237646013498306,
    0.0021664223168045282,
    0.013840088620781898,
    0.04737231880426407,
    0.0026961560361087322,
    0.019394153729081154,
    0.0075615569949150085,
    0.014979323372244835,
    0.012601543217897415,
    0.015394567511975765,
    0.014840998686850071,
    0.0021621952764689922,
    0.01263851672410965,
    0.03885341063141823,
    0.00782447587698698,
    0.015402084216475487,
    0.03928741440176964,
    0.007878147065639496,
    0.051009539514780045,
    0.025263886898756027,
    0.014920924790203571,
    0.01596878282725811,
    0.01782316341996193,
    0.012976191006600857,
    0.02931019850075245
  ],
  "selected_expert_ids": [
    57,
    42,
    24,
    3,
    55,
    52,
    6,
    36
  ],
  "effective_gate_weights": [
    0.051009539514780045,
    0.04737231880426407,
    0.04711855947971344,
    0.046038296073675156,
    0.03928741440176964,
    0.03885341063141823,
    0.03171340748667717,
    0.031389642506837845
  ],
  "topk_ranks": [
    0,
    1,
    2,
    3,
    4,
    5,
    6,
    7
  ],
  "top1_top2_gap": 0.003637220710515976,
  "routing_entropy": 3.8832805156707764,
  "sample_id": "layer_8_sample_043",
  "microbatch_id": null,
  "sequence_length": 16,
  "all_expert_count": 64,
  "selected_destination_ids": [
    57,
    42,
    24,
    3,
    55,
    52,
    6,
    36
  ],
  "expert_to_destination_map": {},
  "layer_name": "model.layers.8.mlp",
  "run_id": null,
  "mode": "real",
  "all_token_selected_expert_ids": [
    [
      22,
      7,
      29,
      32,
      60,
      1,
      59,
      33
    ],
    [
      5,
      6,
      32,
      38,
      3,
      52,
      33,
      19
    ],
    [
      5,
      18,
      43,
      59,
      32,
      19,
      28,
      11
    ],
    [
      49,
      57,
      11,
      52,
      63,
      55,
      36,
      3
    ],
    [
      11,
      17,
      34,
      14,
      28,
      18,
      36,
      19
    ],
    [
      37,
      11,
      45,
      17,
      5,
      18,
      54,
      14
    ],
    [
      21,
      11,
      10,
      30,
      35,
      18,
      37,
      50
    ],
    [
      21,
      11,
      35,
      10,
      50,
      1,
      4,
      30
    ],
    [
      11,
      31,
      40,
      9,
      43,
      4,
      0,
      21
    ],
    [
      11,
      0,
      28,
      4,
      17,
      19,
      40,
      18
    ],
    [
      42,
      11,
      47,
      44,
      61,
      8,
      17,
      38
    ],
    [
      42,
      52,
      3,
      34,
      57,
      63,
      47,
      28
    ],
    [
      53,
      42,
      23,
      3,
      14,
      0,
      47,
      2
    ],
    [
      49,
      24,
      6,
      5,
      11,
      14,
      55,
      44
    ],
    [
      57,
      42,
      24,
      3,
      55,
      52,
      6,
      36
    ],
    [
      55,
      57,
      42,
      52,
      63,
      3,
      14,
      11
    ]
  ]
}