{
  "layer_path": "model.layers.8.mlp",
  "layer_id": 8,
  "token_pos": 14,
  "target_token_id": 4831,
  "target_token_text": " demand",
  "next_token_id": 43942,
  "next_token_text": " forecasts",
  "router_logits": [
    -2.443359375,
    -2.5234375,
    -1.634765625,
    -1.109375,
    -2.380859375,
    -0.457275390625,
    -0.5556640625,
    -0.8056640625,
    -0.91943359375,
    -1.982421875,
    -3.095703125,
    0.71044921875,
    -0.6865234375,
    -2.55078125,
    -1.513671875,
    -1.8876953125,
    -0.88671875,
    -1.4736328125,
    -2.55859375,
    -0.34375,
    -0.80712890625,
    -2.55078125,
    -0.82080078125,
    -1.62890625,
    -0.2269287109375,
    -0.56591796875,
    -0.62744140625,
    -1.2685546875,
    -1.8115234375,
    -1.4384765625,
    -1.7607421875,
    -2.962890625,
    -1.380859375,
    -0.75146484375,
    0.267822265625,
    -3.162109375,
    0.16943359375,
    -0.68701171875,
    -1.12890625,
    -1.3681640625,
    -2.826171875,
    -1.515625,
    -1.91015625,
    -2.0,
    -0.978515625,
    -0.7880859375,
    -0.6123046875,
    -1.90234375,
    -1.3583984375,
    -0.43408203125,
    -3.048828125,
    -0.85986328125,
    -0.53173828125,
    -1.9755859375,
    -0.88525390625,
    0.061248779296875,
    -2.318359375,
    0.3193359375,
    -0.8271484375,
    -0.8916015625,
    -0.54345703125,
    -1.177734375,
    -0.3251953125,
    0.126953125
  ],
  "router_probabilities": [
    0.0032820303458720446,
    0.0030294593889266253,
    0.007367334794253111,
    0.012459042482078075,
    0.0034937034361064434,
    0.023915966972708702,
    0.021674958989024162,
    0.016880474984645844,
    0.0150652090087533,
    0.005203855223953724,
    0.001709359115920961,
    0.07688193023204803,
    0.019016332924365997,
    0.002947744680568576,
    0.00831573735922575,
    0.005720901302993298,
    0.015566215850412846,
    0.008655446581542492,
    0.002924805274233222,
    0.026791151612997055,
    0.016855765134096146,
    0.002947744680568576,
    0.016626883298158646,
    0.007410629186779261,
    0.030111070722341537,
    0.021453840658068657,
    0.020173707976937294,
    0.010625608265399933,
    0.006173699628561735,
    0.008965152315795422,
    0.006495303940027952,
    0.0019521494396030903,
    0.009496870450675488,
    0.017820630222558975,
    0.049384862184524536,
    0.001599533949047327,
    0.044757332652807236,
    0.01900704950094223,
    0.01221806276589632,
    0.009618205018341541,
    0.002238150453194976,
    0.008299511857330799,
    0.005593836307525635,
    0.005113180726766586,
    0.014200909063220024,
    0.01717982441186905,
    0.020481394603848457,
    0.005637709517031908,
    0.009712591767311096,
    0.024477139115333557,
    0.0017913930350914598,
    0.015989918261766434,
    0.022199800238013268,
    0.005239550489932299,
    0.015589035116136074,
    0.04016798734664917,
    0.003719027852639556,
    0.051995519548654556,
    0.016521675512194633,
    0.015490394085645676,
    0.0219411663711071,
    0.01163580920547247,
    0.027292894199490547,
    0.042895834892988205
  ],
  "selected_expert_ids": [
    11,
    57,
    34,
    36,
    63,
    55,
    24,
    62
  ],
  "effective_gate_weights": [
    0.07688193023204803,
    0.051995519548654556,
    0.049384862184524536,
    0.044757332652807236,
    0.042895834892988205,
    0.04016798734664917,
    0.030111070722341537,
    0.027292894199490547
  ],
  "topk_ranks": [
    0,
    1,
    2,
    3,
    4,
    5,
    6,
    7
  ],
  "top1_top2_gap": 0.02488641068339348,
  "routing_entropy": 3.824024200439453,
  "sample_id": "layer_8_sample_034",
  "microbatch_id": null,
  "sequence_length": 16,
  "all_expert_count": 64,
  "selected_destination_ids": [
    11,
    57,
    34,
    36,
    63,
    55,
    24,
    62
  ],
  "expert_to_destination_map": {},
  "layer_name": "model.layers.8.mlp",
  "run_id": null,
  "mode": "real",
  "all_token_selected_expert_ids": [
    [
      22,
      7,
      29,
      32,
      60,
      1,
      59,
      33
    ],
    [
      49,
      24,
      6,
      32,
      38,
      51,
      59,
      57
    ],
    [
      49,
      52,
      57,
      12,
      51,
      63,
      55,
      62
    ],
    [
      5,
      28,
      18,
      32,
      59,
      46,
      17,
      19
    ],
    [
      18,
      5,
      10,
      43,
      19,
      4,
      35,
      32
    ],
    [
      53,
      19,
      11,
      4,
      23,
      18,
      5,
      31
    ],
    [
      24,
      11,
      45,
      37,
      5,
      34,
      19,
      53
    ],
    [
      55,
      57,
      63,
      11,
      5,
      34,
      52,
      12
    ],
    [
      17,
      11,
      28,
      4,
      46,
      19,
      40,
      8
    ],
    [
      11,
      53,
      19,
      46,
      17,
      4,
      8,
      40
    ],
    [
      36,
      57,
      11,
      34,
      19,
      63,
      49,
      55
    ],
    [
      17,
      28,
      4,
      0,
      46,
      11,
      56,
      8
    ],
    [
      2,
      11,
      40,
      46,
      8,
      36,
      17,
      13
    ],
    [
      36,
      11,
      2,
      46,
      24,
      17,
      34,
      5
    ],
    [
      11,
      57,
      34,
      36,
      63,
      55,
      24,
      62
    ],
    [
      11,
      63,
      57,
      55,
      34,
      36,
      5,
      46
    ]
  ]
}