{
  "layer_path": "model.layers.8.mlp",
  "layer_id": 8,
  "token_pos": 18,
  "target_token_id": 1305,
  "target_token_text": " dep",
  "next_token_id": 302,
  "next_token_text": "ot",
  "router_logits": [
    -3.9140625,
    -3.58984375,
    -2.119140625,
    -1.158203125,
    -4.07421875,
    -1.2060546875,
    -0.8271484375,
    -1.0283203125,
    -1.4755859375,
    -2.24609375,
    -4.71484375,
    -1.54296875,
    -0.56689453125,
    -2.85546875,
    -1.7529296875,
    -2.4453125,
    -1.720703125,
    -3.138671875,
    -3.85546875,
    -1.6669921875,
    -0.673828125,
    -3.796875,
    -1.11328125,
    -1.125,
    -0.31787109375,
    -0.60986328125,
    -1.2421875,
    -1.7080078125,
    -3.033203125,
    -2.48828125,
    -2.744140625,
    -3.67578125,
    -1.890625,
    -1.3212890625,
    -0.69482421875,
    -4.70703125,
    -1.2412109375,
    -1.56640625,
    -1.544921875,
    -1.748046875,
    -3.560546875,
    -1.1796875,
    -0.4951171875,
    -3.755859375,
    0.253173828125,
    -1.6630859375,
    -2.328125,
    -2.826171875,
    -1.369140625,
    -1.470703125,
    -4.6953125,
    -0.70068359375,
    -1.001953125,
    -1.6513671875,
    -1.345703125,
    -1.033203125,
    -1.158203125,
    -1.41796875,
    -1.3505859375,
    -1.419921875,
    -1.1728515625,
    -0.486083984375,
    -1.3896484375,
    -2.140625
  ],
  "router_probabilities": [
    0.0012842329451814294,
    0.0017760295886546373,
    0.007729803677648306,
    0.020206835120916367,
    0.0010941801592707634,
    0.019262677058577538,
    0.02813672460615635,
    0.023009421303868294,
    0.014711626805365086,
    0.006808217149227858,
    0.000576592399738729,
    0.01375297736376524,
    0.03650062903761864,
    0.003701563458889723,
    0.011148381978273392,
    0.005578453186899424,
    0.011513507924973965,
    0.0027886347379535437,
    0.0013617291115224361,
    0.01214881893247366,
    0.03279893100261688,
    0.0014439017977565527,
    0.02113526128232479,
    0.020889027044177055,
    0.046821992844343185,
    0.03496546298265457,
    0.018579086288809776,
    0.011660606600344181,
    0.0030988184735178947,
    0.005343831144273281,
    0.004137465730309486,
    0.0016297763213515282,
    0.009714300744235516,
    0.017166074365377426,
    0.032117459923028946,
    0.0005811146693304181,
    0.01859723962843418,
    0.013434389606118202,
    0.013726141303777695,
    0.011202950030565262,
    0.001828831504099071,
    0.019777333363890648,
    0.039216864854097366,
    0.0015043556923046708,
    0.08288034051656723,
    0.012196366675198078,
    0.006272023543715477,
    0.0038116120267659426,
    0.016363995149731636,
    0.014783636666834354,
    0.0005879646632820368,
    0.03192982077598572,
    0.023624183610081673,
    0.012340134009718895,
    0.016752054914832115,
    0.022897344082593918,
    0.020206835120916367,
    0.01558416523039341,
    0.016670456156134605,
    0.01555375661700964,
    0.019912993535399437,
    0.03957272320985794,
    0.016031822189688683,
    0.0075655048713088036
  ],
  "selected_expert_ids": [
    44,
    24,
    61,
    42,
    12,
    25,
    20,
    34
  ],
  "effective_gate_weights": [
    0.08288034051656723,
    0.046821992844343185,
    0.03957272320985794,
    0.039216864854097366,
    0.03650062903761864,
    0.03496546298265457,
    0.03279893100261688,
    0.032117459923028946
  ],
  "topk_ranks": [
    0,
    1,
    2,
    3,
    4,
    5,
    6,
    7
  ],
  "top1_top2_gap": 0.036058347672224045,
  "routing_entropy": 3.8039426803588867,
  "sample_id": "layer_8_sample_030",
  "microbatch_id": null,
  "sequence_length": 20,
  "all_expert_count": 64,
  "selected_destination_ids": [
    44,
    24,
    61,
    42,
    12,
    25,
    20,
    34
  ],
  "expert_to_destination_map": {},
  "layer_name": "model.layers.8.mlp",
  "run_id": null,
  "mode": "real",
  "all_token_selected_expert_ids": [
    [
      22,
      7,
      29,
      32,
      60,
      1,
      59,
      33
    ],
    [
      49,
      38,
      6,
      51,
      24,
      57,
      52,
      36
    ],
    [
      52,
      57,
      55,
      63,
      12,
      49,
      51,
      5
    ],
    [
      44,
      11,
      42,
      18,
      32,
      61,
      8,
      28
    ],
    [
      34,
      42,
      36,
      51,
      48,
      44,
      57,
      47
    ],
    [
      17,
      28,
      42,
      47,
      51,
      34,
      11,
      8
    ],
    [
      57,
      55,
      34,
      63,
      42,
      11,
      12,
      52
    ],
    [
      28,
      17,
      18,
      42,
      0,
      47,
      15,
      5
    ],
    [
      53,
      15,
      23,
      5,
      42,
      0,
      19,
      56
    ],
    [
      24,
      49,
      55,
      57,
      12,
      42,
      6,
      36
    ],
    [
      34,
      57,
      36,
      63,
      55,
      5,
      42,
      11
    ],
    [
      28,
      17,
      4,
      50,
      18,
      47,
      11,
      15
    ],
    [
      53,
      15,
      42,
      56,
      11,
      17,
      4,
      47
    ],
    [
      55,
      57,
      34,
      63,
      42,
      12,
      6,
      11
    ],
    [
      13,
      40,
      47,
      56,
      42,
      28,
      15,
      11
    ],
    [
      28,
      42,
      17,
      56,
      34,
      47,
      11,
      58
    ],
    [
      56,
      28,
      17,
      0,
      15,
      42,
      47,
      11
    ],
    [
      53,
      56,
      23,
      15,
      0,
      42,
      8,
      58
    ],
    [
      44,
      24,
      61,
      42,
      12,
      25,
      20,
      34
    ],
    [
      55,
      12,
      57,
      63,
      34,
      52,
      42,
      26
    ]
  ]
}