{
  "layer_path": "model.layers.8.mlp",
  "layer_id": 8,
  "token_pos": 13,
  "target_token_id": 285,
  "target_token_text": " and",
  "next_token_id": 3276,
  "next_token_text": " temperature",
  "router_logits": [
    -1.322265625,
    -0.75927734375,
    -0.93017578125,
    -0.544921875,
    -1.001953125,
    -1.279296875,
    -1.1064453125,
    -1.25390625,
    -1.3251953125,
    0.56640625,
    0.658203125,
    -0.83544921875,
    -2.05078125,
    -0.9853515625,
    -0.10504150390625,
    -1.4052734375,
    -1.140625,
    -1.6123046875,
    0.0716552734375,
    -1.220703125,
    -1.541015625,
    0.74560546875,
    -1.1201171875,
    -1.025390625,
    -1.05859375,
    -2.25390625,
    -0.8740234375,
    -1.61328125,
    -1.158203125,
    -0.9853515625,
    0.4736328125,
    -1.3876953125,
    -0.93896484375,
    -1.10546875,
    -2.1796875,
    0.348388671875,
    -1.818359375,
    -1.1337890625,
    -1.685546875,
    -1.0224609375,
    -1.25390625,
    -1.4912109375,
    0.2193603515625,
    -1.771484375,
    -1.033203125,
    -1.546875,
    -1.7822265625,
    -0.5966796875,
    -1.3037109375,
    -1.7392578125,
    0.255859375,
    -1.6982421875,
    -1.0185546875,
    -0.7451171875,
    -1.14453125,
    -1.9189453125,
    -0.434814453125,
    -2.369140625,
    -0.42431640625,
    -0.9052734375,
    -0.96875,
    -0.414794921875,
    -0.9560546875,
    -2.078125
  ],
  "router_probabilities": [
    0.008714848197996616,
    0.015302503481507301,
    0.012898589484393597,
    0.01896076649427414,
    0.012005209922790527,
    0.009097475558519363,
    0.010814075358211994,
    0.009331423789262772,
    0.008689353242516518,
    0.057610224932432175,
    0.06314899772405624,
    0.014180171303451061,
    0.004206002224236727,
    0.012206178158521652,
    0.029436998069286346,
    0.008020657114684582,
    0.010450698435306549,
    0.006520748604089022,
    0.03512626513838768,
    0.009646456688642502,
    0.007002577185630798,
    0.06891675293445587,
    0.010667232796549797,
    0.011727109551429749,
    0.011344125494360924,
    0.0034328389447182417,
    0.01364359725266695,
    0.006514383479952812,
    0.010268600657582283,
    0.012206178158521652,
    0.05250595882534981,
    0.008162892423570156,
    0.012785720638930798,
    0.010824640281498432,
    0.0036973129026591778,
    0.04632503539323807,
    0.005306510254740715,
    0.010522384196519852,
    0.006060224957764149,
    0.011761517263948917,
    0.009331423789262772,
    0.007360168732702732,
    0.04071734473109245,
    0.00556117482483387,
    0.011635848321020603,
    0.00696166604757309,
    0.005501755513250828,
    0.018004363402724266,
    0.00887805875390768,
    0.00574331171810627,
    0.042230941355228424,
    0.005983775015920401,
    0.011807549744844437,
    0.0155207309871912,
    0.010409955866634846,
    0.004798716399818659,
    0.021167762577533722,
    0.0030591993127018213,
    0.02139115333557129,
    0.013223828747868538,
    0.012410512194037437,
    0.021595802158117294,
    0.012569071725010872,
    0.004092552233487368
  ],
  "selected_expert_ids": [
    21,
    10,
    9,
    30,
    35,
    50,
    42,
    18
  ],
  "effective_gate_weights": [
    0.06891675293445587,
    0.06314899772405624,
    0.057610224932432175,
    0.05250595882534981,
    0.04632503539323807,
    0.042230941355228424,
    0.04071734473109245,
    0.03512626513838768
  ],
  "topk_ranks": [
    0,
    1,
    2,
    3,
    4,
    5,
    6,
    7
  ],
  "top1_top2_gap": 0.005767755210399628,
  "routing_entropy": 3.8363637924194336,
  "sample_id": "layer_8_sample_032",
  "microbatch_id": null,
  "sequence_length": 15,
  "all_expert_count": 64,
  "selected_destination_ids": [
    21,
    10,
    9,
    30,
    35,
    50,
    42,
    18
  ],
  "expert_to_destination_map": {},
  "layer_name": "model.layers.8.mlp",
  "run_id": null,
  "mode": "real",
  "all_token_selected_expert_ids": [
    [
      22,
      7,
      29,
      32,
      60,
      1,
      59,
      58
    ],
    [
      53,
      32,
      56,
      38,
      23,
      14,
      18,
      3
    ],
    [
      55,
      12,
      6,
      57,
      63,
      49,
      5,
      52
    ],
    [
      58,
      35,
      21,
      10,
      50,
      1,
      30,
      18
    ],
    [
      24,
      49,
      36,
      58,
      42,
      34,
      56,
      57
    ],
    [
      63,
      55,
      57,
      42,
      34,
      6,
      12,
      52
    ],
    [
      17,
      42,
      28,
      56,
      34,
      58,
      14,
      20
    ],
    [
      36,
      2,
      24,
      56,
      42,
      14,
      17,
      34
    ],
    [
      55,
      63,
      57,
      34,
      42,
      12,
      49,
      14
    ],
    [
      10,
      21,
      50,
      35,
      9,
      58,
      56,
      1
    ],
    [
      20,
      42,
      55,
      57,
      63,
      49,
      12,
      58
    ],
    [
      17,
      28,
      42,
      56,
      20,
      47,
      14,
      34
    ],
    [
      14,
      57,
      63,
      34,
      55,
      24,
      36,
      49
    ],
    [
      21,
      10,
      9,
      30,
      35,
      50,
      42,
      18
    ],
    [
      57,
      34,
      55,
      63,
      20,
      24,
      14,
      42
    ]
  ]
}