{
  "layer_path": "model.layers.8.mlp",
  "layer_id": 8,
  "token_pos": 13,
  "target_token_id": 22205,
  "target_token_text": " bucket",
  "next_token_id": 32,
  "next_token_text": "?",
  "router_logits": [
    -2.529296875,
    -2.10546875,
    -1.2275390625,
    1.1708984375,
    -2.41015625,
    -1.2333984375,
    -0.2030029296875,
    -0.209228515625,
    -1.177734375,
    -1.5849609375,
    -2.640625,
    -0.0557861328125,
    0.327880859375,
    -1.6123046875,
    -0.7197265625,
    -2.3203125,
    -0.286376953125,
    -1.919921875,
    -2.76171875,
    -0.5576171875,
    0.5498046875,
    -2.384765625,
    -0.2958984375,
    -0.82666015625,
    -0.53369140625,
    -0.1689453125,
    -0.09539794921875,
    -0.50634765625,
    -1.9130859375,
    -1.2783203125,
    -1.34375,
    -2.328125,
    -1.001953125,
    -0.5048828125,
    0.308349609375,
    -2.662109375,
    -0.487548828125,
    -0.6767578125,
    -1.203125,
    -0.9150390625,
    -2.345703125,
    -0.85400390625,
    0.26904296875,
    -2.51953125,
    -0.8486328125,
    -0.89404296875,
    -1.7509765625,
    -1.2373046875,
    -0.50537109375,
    -1.162109375,
    -2.474609375,
    -0.315673828125,
    1.2119140625,
    -1.4462890625,
    -0.310791015625,
    0.8505859375,
    -1.146484375,
    0.685546875,
    -0.73193359375,
    -0.267333984375,
    -0.234130859375,
    -1.09375,
    -0.46533203125,
    0.74365234375
  ],
  "router_probabilities": [
    0.001947147655300796,
    0.0029748501256108284,
    0.007157232146710157,
    0.07877225428819656,
    0.002193516818806529,
    0.007115418091416359,
    0.01993863843381405,
    0.01981489360332489,
    0.007522721774876118,
    0.005006321705877781,
    0.0017420061631128192,
    0.02310100756585598,
    0.03390434756875038,
    0.00487128458917141,
    0.01189283188432455,
    0.002399714896455407,
    0.018343687057495117,
    0.0035813525319099426,
    0.001543331891298294,
    0.013985837809741497,
    0.04232877492904663,
    0.002249924698844552,
    0.018169855698943138,
    0.01068672351539135,
    0.014324494637548923,
    0.02062939666211605,
    0.022203823551535606,
    0.014721584506332874,
    0.0036059182602912188,
    0.00680285319685936,
    0.006371993105858564,
    0.0023810400161892176,
    0.008968417532742023,
    0.01474316418170929,
    0.033248577266931534,
    0.001704979338683188,
    0.015000949613749981,
    0.012414989061653614,
    0.0073341201059520245,
    0.009782776236534119,
    0.0023395514581352472,
    0.010398468933999538,
    0.03196704015135765,
    0.0019662557169795036,
    0.010454469360411167,
    0.009990347549319267,
    0.0042405198328197,
    0.007087677251547575,
    0.014735967852175236,
    0.0076411874033510685,
    0.0020565977320075035,
    0.017814068123698235,
    0.08207032084465027,
    0.005750997457653284,
    0.017901264131069183,
    0.05718252435326576,
    0.007761518470942974,
    0.048482805490493774,
    0.011748537421226501,
    0.01869635097682476,
    0.019327551126480103,
    0.008181801997125149,
    0.01533795427531004,
    0.051383376121520996
  ],
  "selected_expert_ids": [
    52,
    3,
    55,
    63,
    57,
    20,
    12,
    34
  ],
  "effective_gate_weights": [
    0.08207032084465027,
    0.07877225428819656,
    0.05718252435326576,
    0.051383376121520996,
    0.048482805490493774,
    0.04232877492904663,
    0.03390434756875038,
    0.033248577266931534
  ],
  "topk_ranks": [
    0,
    1,
    2,
    3,
    4,
    5,
    6,
    7
  ],
  "top1_top2_gap": 0.003298066556453705,
  "routing_entropy": 3.719939708709717,
  "sample_id": "layer_8_sample_041",
  "microbatch_id": null,
  "sequence_length": 15,
  "all_expert_count": 64,
  "selected_destination_ids": [
    52,
    3,
    55,
    63,
    57,
    20,
    12,
    34
  ],
  "expert_to_destination_map": {},
  "layer_name": "model.layers.8.mlp",
  "run_id": null,
  "mode": "real",
  "all_token_selected_expert_ids": [
    [
      22,
      7,
      29,
      32,
      60,
      1,
      59,
      33
    ],
    [
      51,
      32,
      18,
      31,
      47,
      43,
      62,
      8
    ],
    [
      53,
      23,
      51,
      47,
      18,
      3,
      42,
      0
    ],
    [
      49,
      6,
      55,
      51,
      57,
      3,
      14,
      42
    ],
    [
      36,
      51,
      34,
      49,
      44,
      3,
      47,
      42
    ],
    [
      47,
      28,
      17,
      18,
      51,
      4,
      3,
      8
    ],
    [
      53,
      23,
      47,
      18,
      0,
      3,
      51,
      58
    ],
    [
      36,
      19,
      11,
      2,
      3,
      14,
      58,
      47
    ],
    [
      57,
      6,
      55,
      36,
      11,
      3,
      63,
      34
    ],
    [
      9,
      28,
      47,
      17,
      0,
      3,
      4,
      11
    ],
    [
      9,
      53,
      0,
      23,
      11,
      56,
      40,
      47
    ],
    [
      20,
      36,
      11,
      24,
      14,
      2,
      34,
      3
    ],
    [
      6,
      24,
      20,
      2,
      3,
      44,
      36,
      14
    ],
    [
      52,
      3,
      55,
      63,
      57,
      20,
      12,
      34
    ],
    [
      35,
      10,
      50,
      29,
      30,
      1,
      3,
      21
    ]
  ]
}