{
  "1": {
    "hit_rate": {
      "mean": 0.10833333333333334,
      "median": 0.125,
      "std": 0.10495752412926397,
      "p25": 0.0,
      "p75": 0.125
    },
    "weighted_hit_rate": {
      "mean": 0.04456888288708828,
      "median": 0.03589029982686043,
      "std": 0.04998581559183905,
      "p25": 0,
      "p75": 0.07282070443034172
    },
    "num_tokens": 285
  },
  "2": {
    "hit_rate": {
      "mean": 0.12218045112781954,
      "median": 0.125,
      "std": 0.10726233280557639,
      "p25": 0.0,
      "p75": 0.21875
    },
    "weighted_hit_rate": {
      "mean": 0.04930407209435646,
      "median": 0.0409365757368505,
      "std": 0.052174041853520405,
      "p25": 0.0,
      "p75": 0.07252776250243187
    },
    "num_tokens": 266
  },
  "3": {
    "hit_rate": {
      "mean": 0.11892712550607287,
      "median": 0.125,
      "std": 0.10771627689788267,
      "p25": 0.0,
      "p75": 0.25
    },
    "weighted_hit_rate": {
      "mean": 0.04900688472626211,
      "median": 0.0424822922796011,
      "std": 0.05012318014550523,
      "p25": 0.0,
      "p75": 0.0796833666972816
    },
    "num_tokens": 247
  },
  "4": {
    "hit_rate": {
      "mean": 0.12280701754385964,
      "median": 0.125,
      "std": 0.11042488732268538,
      "p25": 0.0,
      "p75": 0.25
    },
    "weighted_hit_rate": {
      "mean": 0.054523411783361155,
      "median": 0.0450167516246438,
      "std": 0.059956660730151705,
      "p25": 0.0,
      "p75": 0.0870170509442687
    },
    "num_tokens": 228
  },
  "5": {
    "hit_rate": {
      "mean": 0.145933014354067,
      "median": 0.125,
      "std": 0.10272118304389603,
      "p25": 0.125,
      "p75": 0.25
    },
    "weighted_hit_rate": {
      "mean": 0.06209039295306117,
      "median": 0.05677269585430622,
      "std": 0.05081959599117792,
      "p25": 0.027729890309274197,
      "p75": 0.0950361555442214
    },
    "num_tokens": 209
  },
  "6": {
    "hit_rate": {
      "mean": 0.13289473684210526,
      "median": 0.125,
      "std": 0.1137149690358551,
      "p25": 0.0,
      "p75": 0.25
    },
    "weighted_hit_rate": {
      "mean": 0.059422414882206606,
      "median": 0.046386511996388435,
      "std": 0.07745553947537401,
      "p25": 0.0,
      "p75": 0.07980579673312604
    },
    "num_tokens": 190
  },
  "7": {
    "hit_rate": {
      "mean": 0.11769005847953216,
      "median": 0.125,
      "std": 0.11123607930776175,
      "p25": 0.0,
      "p75": 0.125
    },
    "weighted_hit_rate": {
      "mean": 0.04407070416818259,
      "median": 0.036184849217534065,
      "std": 0.0459239220968119,
      "p25": 0.0,
      "p75": 0.06482267891988158
    },
    "num_tokens": 171
  },
  "8": {
    "hit_rate": {
      "mean": 0.14473684210526316,
      "median": 0.125,
      "std": 0.10740018235075334,
      "p25": 0.125,
      "p75": 0.25
    },
    "weighted_hit_rate": {
      "mean": 0.06419892540036112,
      "median": 0.05404353514313698,
      "std": 0.06173891291582424,
      "p25": 0.026705022901296616,
      "p75": 0.093784234020859
    },
    "num_tokens": 152
  },
  "9": {
    "hit_rate": {
      "mean": 0.1193609022556391,
      "median": 0.125,
      "std": 0.10715110112064358,
      "p25": 0.0,
      "p75": 0.25
    },
    "weighted_hit_rate": {
      "mean": 0.0550564787021481,
      "median": 0.046705990098416805,
      "std": 0.06329402274958347,
      "p25": 0,
      "p75": 0.08447077684104443
    },
    "num_tokens": 133
  },
  "10": {
    "hit_rate": {
      "mean": 0.11074561403508772,
      "median": 0.125,
      "std": 0.08723137325964388,
      "p25": 0.0,
      "p75": 0.125
    },
    "weighted_hit_rate": {
      "mean": 0.05119464999032125,
      "median": 0.046858180314302444,
      "std": 0.05184010005959702,
      "p25": 0.0,
      "p75": 0.06980340066365898
    },
    "num_tokens": 114
  },
  "11": {
    "hit_rate": {
      "mean": 0.125,
      "median": 0.125,
      "std": 0.11326494324556496,
      "p25": 0.0,
      "p75": 0.125
    },
    "weighted_hit_rate": {
      "mean": 0.05407242945174834,
      "median": 0.048898763954639435,
      "std": 0.059757608279651264,
      "p25": 0.0,
      "p75": 0.08037296961992979
    },
    "num_tokens": 95
  },
  "12": {
    "hit_rate": {
      "mean": 0.10855263157894737,
      "median": 0.125,
      "std": 0.10407428960234456,
      "p25": 0.0,
      "p75": 0.125
    },
    "weighted_hit_rate": {
      "mean": 0.04877244870754351,
      "median": 0.0454923240467906,
      "std": 0.054109650169168126,
      "p25": 0.0,
      "p75": 0.06685420451685786
    },
    "num_tokens": 76
  },
  "13": {
    "hit_rate": {
      "mean": 0.1337719298245614,
      "median": 0.125,
      "std": 0.10694022228277728,
      "p25": 0.0,
      "p75": 0.25
    },
    "weighted_hit_rate": {
      "mean": 0.06616851096164043,
      "median": 0.06457548961043358,
      "std": 0.05837063145323944,
      "p25": 0,
      "p75": 0.09740786161273718
    },
    "num_tokens": 57
  },
  "14": {
    "hit_rate": {
      "mean": 0.09210526315789473,
      "median": 0.0,
      "std": 0.10989008610848727,
      "p25": 0.0,
      "p75": 0.125
    },
    "weighted_hit_rate": {
      "mean": 0.035847684736118504,
      "median": 0.0,
      "std": 0.04499383557868879,
      "p25": 0.0,
      "p75": 0.06788681377656758
    },
    "num_tokens": 38
  },
  "15": {
    "hit_rate": {
      "mean": 0.07894736842105263,
      "median": 0.125,
      "std": 0.0726668487972846,
      "p25": 0.0,
      "p75": 0.125
    },
    "weighted_hit_rate": {
      "mean": 0.03557802266196201,
      "median": 0.02974062878638506,
      "std": 0.03712636699853462,
      "p25": 0.0,
      "p75": 0.05713018123060465
    },
    "num_tokens": 19
  }
}