{
  "pair_count": 960,
  "model": "full_duplex",
  "expert_compute_delay": 0.0,
  "baseline_layer_time_ms": 10.0,
  "hidden_window_ms": 10.0,
  "token_to_ms_factor": 0.5,
  "next_mode": "predicted",
  "phase2_source": "actual",
  "traffic_correlation": {
    "mean": 0.7370824559514471,
    "median": 0.7857905415266431,
    "std": 0.16694950292378657,
    "p25": 0.6935961568950135,
    "p75": 0.8463308429584707
  },
  "greedy_latency_ms": {
    "mean": 0.10477726658185323,
    "median": 0.10657310485839844,
    "std": 0.01215075197751458,
    "p25": 0.0934600830078125,
    "p75": 0.11301040649414062
  },
  "greedy_makespan_ms": {
    "mean": 48.21458333333333,
    "median": 53.0,
    "std": 17.760700877491356,
    "p25": 29.5,
    "p75": 60.0
  },
  "include_fast_best_of": false,
  "skip_oracle": true,
  "predicted_improvement_vs_traffic_correlation": null,
  "gate2_decision": null,
  "B_birkhoff_improvement_pct": {
    "mean": 18.930953285070313,
    "median": 19.428571428571427,
    "std": 10.280454627735176,
    "p25": 11.991452991452991,
    "p75": 26.251078515962035
  },
  "B_birkhoff_effective_improvement_pct": {
    "mean": 18.930953285070313,
    "median": 19.428571428571427,
    "std": 10.280454627735176,
    "p25": 11.991452991452991,
    "p75": 26.251078515962035
  },
  "B_birkhoff_latency_ms": {
    "mean": 0.5829271317149202,
    "median": 0.5773864686489105,
    "std": 0.080837590798965,
    "p25": 0.5219653248786926,
    "p75": 0.6350316107273102
  },
  "B_birkhoff_effective_latency_ms": {
    "mean": 0.5829271317149202,
    "median": 0.5773864686489105,
    "std": 0.080837590798965,
    "p25": 0.5219653248786926,
    "p75": 0.6350316107273102
  },
  "B_birkhoff_comm_savings_ms": {
    "mean": 9.671354166666667,
    "median": 8.5,
    "std": 7.119337094577882,
    "p25": 4.5,
    "p75": 13.5
  },
  "B_birkhoff_exposed_latency_ms": {
    "mean": 0.0,
    "median": 0.0,
    "std": 0.0,
    "p25": 0.0,
    "p75": 0.0
  },
  "B_birkhoff_net_benefit_ms": {
    "mean": 9.671354166666667,
    "median": 8.5,
    "std": 7.119337094577882,
    "p25": 4.5,
    "p75": 13.5
  },
  "B_birkhoff_effective_e2e_time_ms": {
    "mean": 38.54322916666667,
    "median": 43.0,
    "std": 13.399450237073758,
    "p25": 23.5,
    "p75": 48.0
  },
  "B_birkhoff_e2e_speedup_pct": {
    "mean": 18.930953285070313,
    "median": 19.428571428571427,
    "std": 10.280454627735176,
    "p25": 11.991452991452991,
    "p75": 26.251078515962035
  },
  "B_birkhoff_prediction_aware": false,
  "B_birkhoff_description": "Baseline: per-phase Birkhoff decomposition.",
  "B_barrier_aware_birkhoff_improvement_pct": {
    "mean": 24.224279118428743,
    "median": 24.76940001692477,
    "std": 9.350621106173003,
    "p25": 18.426788191004558,
    "p75": 30.845588235294116
  },
  "B_barrier_aware_birkhoff_effective_improvement_pct": {
    "mean": 24.224279118428743,
    "median": 24.76940001692477,
    "std": 9.350621106173003,
    "p25": 18.426788191004558,
    "p75": 30.845588235294116
  },
  "B_barrier_aware_birkhoff_latency_ms": {
    "mean": 6.4113472976411385,
    "median": 6.409570574760437,
    "std": 0.9932318312118921,
    "p25": 5.888048559427261,
    "p75": 6.858145818114281
  },
  "B_barrier_aware_birkhoff_effective_latency_ms": {
    "mean": 6.4113472976411385,
    "median": 6.409570574760437,
    "std": 0.9932318312118921,
    "p25": 5.888048559427261,
    "p75": 6.858145818114281
  },
  "B_barrier_aware_birkhoff_comm_savings_ms": {
    "mean": 12.134375,
    "median": 10.5,
    "std": 7.391377692467645,
    "p25": 6.5,
    "p75": 17.0
  },
  "B_barrier_aware_birkhoff_exposed_latency_ms": {
    "mean": 0.024103795799116295,
    "median": 0.0,
    "std": 0.5282696743585714,
    "p25": 0.0,
    "p75": 0.0
  },
  "B_barrier_aware_birkhoff_net_benefit_ms": {
    "mean": 12.110271204200883,
    "median": 10.5,
    "std": 7.403646436832178,
    "p25": 6.5,
    "p75": 17.0
  },
  "B_barrier_aware_birkhoff_effective_e2e_time_ms": {
    "mean": 36.10431212913245,
    "median": 40.5,
    "std": 12.674248008113935,
    "p25": 22.0,
    "p75": 44.5
  },
  "B_barrier_aware_birkhoff_e2e_speedup_pct": {
    "mean": 24.182954076962115,
    "median": 24.752475247524753,
    "std": 9.398040438479608,
    "p25": 18.367346938775512,
    "p75": 30.845588235294116
  },
  "B_barrier_aware_birkhoff_prediction_aware": false,
  "B_barrier_aware_birkhoff_description": "Baseline: Birkhoff variant search within phase-local space.",
  "O_cp_lpt_improvement_pct": {
    "mean": -2.02276184154123,
    "median": 0.0,
    "std": 12.498871511840866,
    "p25": -10.189909297052154,
    "p75": 6.779661016949152
  },
  "O_cp_lpt_effective_improvement_pct": {
    "mean": -2.02276184154123,
    "median": 0.0,
    "std": 12.498871511840866,
    "p25": -10.189909297052154,
    "p75": 6.779661016949152
  },
  "O_cp_lpt_latency_ms": {
    "mean": 0.47965031893302995,
    "median": 0.48949941992759705,
    "std": 0.05996161367128495,
    "p25": 0.4250127822160721,
    "p75": 0.522049143910408
  },
  "O_cp_lpt_effective_latency_ms": {
    "mean": 0.47965031893302995,
    "median": 0.48949941992759705,
    "std": 0.05996161367128495,
    "p25": 0.4250127822160721,
    "p75": 0.522049143910408
  },
  "O_cp_lpt_comm_savings_ms": {
    "mean": -0.10885416666666667,
    "median": 0.0,
    "std": 6.012909267046414,
    "p25": -4.0,
    "p75": 3.5
  },
  "O_cp_lpt_exposed_latency_ms": {
    "mean": 0.0,
    "median": 0.0,
    "std": 0.0,
    "p25": 0.0,
    "p75": 0.0
  },
  "O_cp_lpt_net_benefit_ms": {
    "mean": -0.10885416666666667,
    "median": 0.0,
    "std": 6.012909267046414,
    "p25": -4.0,
    "p75": 3.5
  },
  "O_cp_lpt_effective_e2e_time_ms": {
    "mean": 48.3234375,
    "median": 54.5,
    "std": 16.25673971312392,
    "p25": 30.0,
    "p75": 60.125
  },
  "O_cp_lpt_e2e_speedup_pct": {
    "mean": -2.02276184154123,
    "median": 0.0,
    "std": 12.498871511840866,
    "p25": -10.189909297052154,
    "p75": 6.779661016949152
  },
  "O_cp_lpt_prediction_aware": true,
  "O_cp_lpt_description": "Ours: critical-path LPT using next-phase later_work.",
  "O_lagrangian_improvement_pct": {
    "mean": 21.291620347210564,
    "median": 21.724422442244226,
    "std": 9.436603045560922,
    "p25": 15.686274509803921,
    "p75": 27.77777777777778
  },
  "O_lagrangian_effective_improvement_pct": {
    "mean": 21.291620347210564,
    "median": 21.724422442244226,
    "std": 9.436603045560922,
    "p25": 15.686274509803921,
    "p75": 27.77777777777778
  },
  "O_lagrangian_latency_ms": {
    "mean": 5.171678719731669,
    "median": 5.208469927310944,
    "std": 0.782274947909757,
    "p25": 4.796147346496582,
    "p75": 5.521712824702263
  },
  "O_lagrangian_effective_latency_ms": {
    "mean": 5.171678719731669,
    "median": 5.208469927310944,
    "std": 0.782274947909757,
    "p25": 4.796147346496582,
    "p75": 5.521712824702263
  },
  "O_lagrangian_comm_savings_ms": {
    "mean": 10.863020833333334,
    "median": 9.5,
    "std": 7.094028976862582,
    "p25": 5.5,
    "p75": 15.0
  },
  "O_lagrangian_exposed_latency_ms": {
    "mean": 0.017815156529347103,
    "median": 0.0,
    "std": 0.39512217480659606,
    "p25": 0.0,
    "p75": 0.0
  },
  "O_lagrangian_net_benefit_ms": {
    "mean": 10.845205676803987,
    "median": 9.5,
    "std": 7.119186965443075,
    "p25": 5.5,
    "p75": 15.0
  },
  "O_lagrangian_effective_e2e_time_ms": {
    "mean": 37.369377656529345,
    "median": 42.0,
    "std": 12.768705350878854,
    "p25": 23.0,
    "p75": 46.5
  },
  "O_lagrangian_e2e_speedup_pct": {
    "mean": 21.230463426299263,
    "median": 21.724422442244226,
    "std": 9.553996847547223,
    "p25": 15.65217391304348,
    "p75": 27.77777777777778
  },
  "O_lagrangian_prediction_aware": true,
  "O_lagrangian_description": "Ours: existing lagrangian-style cross-phase ordering.",
  "O_ibbr_improvement_pct": {
    "mean": 21.310799934343247,
    "median": 21.73913043478261,
    "std": 9.836537333056574,