{
  "pair_count": 480,
  "model": "full_duplex",
  "expert_compute_delay": 0.0,
  "next_mode": "zeros",
  "traffic_correlation": {
    "mean": 0.7364131615135783,
    "median": 0.786192455446187,
    "std": 0.16824266487497533,
    "p25": 0.6889211942832243,
    "p75": 0.8449281267361356
  },
  "greedy_latency_ms": {
    "mean": 0.11666913827260335,
    "median": 0.11968612670898438,
    "std": 0.012461546146369355,
    "p25": 0.10657310485839844,
    "p75": 0.12469291687011719
  },
  "include_fast_best_of": false,
  "skip_oracle": true,
  "predicted_improvement_vs_traffic_correlation": null,
  "gate2_decision": null,
  "birkhoff_improvement_pct": {
    "mean": 20.053901983320056,
    "median": 20.85144927536232,
    "std": 10.759057409327804,
    "p25": 13.385826771653544,
    "p75": 28.57142857142857
  },
  "birkhoff_effective_improvement_pct": {
    "mean": 20.053901983320056,
    "median": 20.85144927536232,
    "std": 10.759057409327804,
    "p25": 13.385826771653544,
    "p75": 28.57142857142857
  },
  "birkhoff_latency_ms": {
    "mean": 0.621257039407889,
    "median": 0.6159096956253052,
    "std": 0.11320655349660434,
    "p25": 0.5607511848211288,
    "p75": 0.6723422557115555
  },
  "birkhoff_effective_latency_ms": {
    "mean": 0.621257039407889,
    "median": 0.6159096956253052,
    "std": 0.11320655349660434,
    "p25": 0.5607511848211288,
    "p75": 0.6723422557115555
  },
  "birkhoff_prediction_aware": false,
  "birkhoff_description": "Per-phase Birkhoff decomposition; next phase does not influence earlier phases.",
  "ibbr_improvement_pct": {
    "mean": 22.201999156137777,
    "median": 23.076923076923077,
    "std": 10.195884241582943,
    "p25": 15.070585756426466,
    "p75": 29.979502049795023
  },
  "ibbr_effective_improvement_pct": {
    "mean": 22.201999156137777,
    "median": 23.076923076923077,
    "std": 10.195884241582943,
    "p25": 15.070585756426466,
    "p75": 29.979502049795023
  },
  "ibbr_latency_ms": {
    "mean": 5.188230161244671,
    "median": 4.940010607242584,
    "std": 1.552255346729791,
    "p25": 3.8272403180599213,
    "p75": 6.3359085470438
  },
  "ibbr_effective_latency_ms": {
    "mean": 5.188230161244671,
    "median": 4.940010607242584,
    "std": 1.552255346729791,
    "p25": 3.8272403180599213,
    "p75": 6.3359085470438
  },
  "ibbr_prediction_aware": false,
  "ibbr_description": "Iterated Birkhoff barrier repair.",
  "ejection_chain_tabu_improvement_pct": {
    "mean": 24.971831456763688,
    "median": 25.324477019392273,
    "std": 9.675544273599218,
    "p25": 19.248686096512188,
    "p75": 31.834650856389985
  },
  "ejection_chain_tabu_effective_improvement_pct": {
    "mean": 24.971831456763688,
    "median": 25.324477019392273,
    "std": 9.675544273599218,
    "p25": 19.248686096512188,
    "p75": 31.834650856389985
  },
  "ejection_chain_tabu_latency_ms": {
    "mean": 8.537610247731209,
    "median": 7.366463541984558,
    "std": 26.256424459969217,
    "p25": 6.892260164022446,
    "p75": 7.790949195623398
  },
  "ejection_chain_tabu_effective_latency_ms": {
    "mean": 8.537610247731209,
    "median": 7.366463541984558,
    "std": 26.256424459969217,
    "p25": 6.892260164022446,
    "p75": 7.790949195623398
  },
  "ejection_chain_tabu_prediction_aware": false,
  "ejection_chain_tabu_description": "Cross-phase tabu search with shallow ejection chains.",
  "lns_cp_repair_improvement_pct": {
    "mean": 24.971831456763688,
    "median": 25.324477019392273,
    "std": 9.675544273599218,
    "p25": 19.248686096512188,
    "p75": 31.834650856389985
  },
  "lns_cp_repair_effective_improvement_pct": {
    "mean": 24.971831456763688,
    "median": 25.324477019392273,
    "std": 9.675544273599218,
    "p25": 19.248686096512188,
    "p75": 31.834650856389985
  },
  "lns_cp_repair_latency_ms": {
    "mean": 7.330707740038633,
    "median": 7.3280781507492065,
    "std": 0.8142123126358566,
    "p25": 6.828833371400833,
    "p75": 7.771393284201622
  },
  "lns_cp_repair_effective_latency_ms": {
    "mean": 7.330707740038633,
    "median": 7.3280781507492065,
    "std": 0.8142123126358566,
    "p25": 6.828833371400833,
    "p75": 7.771393284201622
  },
  "lns_cp_repair_prediction_aware": false,
  "lns_cp_repair_description": "CP-repair around single-phase bottlenecks.",
  "cp_lpt_improvement_pct": {
    "mean": -1.2981164394384996,
    "median": 0.0,
    "std": 10.957479531956347,
    "p25": -8.0,
    "p75": 6.570925348868717
  },
  "cp_lpt_effective_improvement_pct": {
    "mean": -1.2981164394384996,
    "median": 0.0,
    "std": 10.957479531956347,
    "p25": -8.0,
    "p75": 6.570925348868717
  },
  "cp_lpt_latency_ms": {
    "mean": 0.5438429303467274,
    "median": 0.5531013011932373,
    "std": 0.08535273606050438,
    "p25": 0.5024056881666183,
    "p75": 0.5752481520175934
  },
  "cp_lpt_effective_latency_ms": {
    "mean": 0.5438429303467274,
    "median": 0.5531013011932373,
    "std": 0.08535273606050438,
    "p25": 0.5024056881666183,
    "p75": 0.5752481520175934
  },
  "cp_lpt_prediction_aware": true,
  "cp_lpt_description": "Critical-path LPT using later_work from next phase.",
  "lagrangian_improvement_pct": {
    "mean": 27.51156800506736,
    "median": 27.87700744222483,
    "std": 8.766608844662704,
    "p25": 22.01376146788991,
    "p75": 33.961914391641386
  },
  "lagrangian_effective_improvement_pct": {
    "mean": 27.51156800506736,
    "median": 27.87700744222483,
    "std": 8.766608844662704,
    "p25": 22.01376146788991,
    "p75": 33.961914391641386
  },
  "lagrangian_latency_ms": {
    "mean": 5.365653367092212,
    "median": 5.358554422855377,
    "std": 0.3739655563531422,
    "p25": 5.110643804073334,
    "p75": 5.634274333715439
  },
  "lagrangian_effective_latency_ms": {
    "mean": 5.365653367092212,
    "median": 5.358554422855377,
    "std": 0.3739655563531422,
    "p25": 5.110643804073334,
    "p75": 5.634274333715439
  },
  "lagrangian_prediction_aware": true,
  "lagrangian_description": "Cross-phase Lagrangian ordering using all three phase matrices."
}