{
  "pair_count": 480,
  "model": "full_duplex",
  "expert_compute_delay": 0.0,
  "next_mode": "predicted",
  "traffic_correlation": {
    "mean": 0.7364131615135783,
    "median": 0.786192455446187,
    "std": 0.16824266487497533,
    "p25": 0.6889211942832243,
    "p75": 0.8449281267361356
  },
  "greedy_latency_ms": {
    "mean": 0.1178284486134847,
    "median": 0.1201629638671875,
    "std": 0.01877332215574398,
    "p25": 0.10633468627929688,
    "p75": 0.12445449829101562
  },
  "include_fast_best_of": false,
  "skip_oracle": true,
  "predicted_improvement_vs_traffic_correlation": null,
  "gate2_decision": null,
  "birkhoff_improvement_pct": {
    "mean": 20.053901983320056,
    "median": 20.85144927536232,
    "std": 10.759057409327804,
    "p25": 13.385826771653544,
    "p75": 28.57142857142857
  },
  "birkhoff_effective_improvement_pct": {
    "mean": 20.053901983320056,
    "median": 20.85144927536232,
    "std": 10.759057409327804,
    "p25": 13.385826771653544,
    "p75": 28.57142857142857
  },
  "birkhoff_latency_ms": {
    "mean": 0.6344830772529045,
    "median": 0.6174743175506592,
    "std": 0.20078634885509028,
    "p25": 0.5565043538808823,
    "p75": 0.6783716380596161
  },
  "birkhoff_effective_latency_ms": {
    "mean": 0.6344830772529045,
    "median": 0.6174743175506592,
    "std": 0.20078634885509028,
    "p25": 0.5565043538808823,
    "p75": 0.6783716380596161
  },
  "birkhoff_prediction_aware": false,
  "birkhoff_description": "Per-phase Birkhoff decomposition; next phase does not influence earlier phases.",
  "ibbr_improvement_pct": {
    "mean": 22.195131746855015,
    "median": 23.076923076923077,
    "std": 10.179477867888886,
    "p25": 15.0,
    "p75": 29.979502049795023
  },
  "ibbr_effective_improvement_pct": {
    "mean": 22.195131746855015,
    "median": 23.076923076923077,
    "std": 10.179477867888886,
    "p25": 15.0,
    "p75": 29.979502049795023
  },
  "ibbr_latency_ms": {
    "mean": 5.190703707436721,
    "median": 4.900418221950531,
    "std": 1.5599266314653866,
    "p25": 3.7937555462121964,
    "p75": 6.426094099879265
  },
  "ibbr_effective_latency_ms": {
    "mean": 5.190703707436721,
    "median": 4.900418221950531,
    "std": 1.5599266314653866,
    "p25": 3.7937555462121964,
    "p75": 6.426094099879265
  },
  "ibbr_prediction_aware": false,
  "ibbr_description": "Iterated Birkhoff barrier repair.",
  "ejection_chain_tabu_improvement_pct": {
    "mean": 24.971831456763688,
    "median": 25.324477019392273,
    "std": 9.675544273599218,
    "p25": 19.248686096512188,
    "p75": 31.834650856389985
  },
  "ejection_chain_tabu_effective_improvement_pct": {
    "mean": 24.971831456763688,
    "median": 25.324477019392273,
    "std": 9.675544273599218,
    "p25": 19.248686096512188,
    "p75": 31.834650856389985
  },
  "ejection_chain_tabu_latency_ms": {
    "mean": 7.375108233342568,
    "median": 7.460061460733414,
    "std": 0.7530055877704391,
    "p25": 6.883503869175911,
    "p75": 7.867433130741119
  },
  "ejection_chain_tabu_effective_latency_ms": {
    "mean": 7.375108233342568,
    "median": 7.460061460733414,
    "std": 0.7530055877704391,
    "p25": 6.883503869175911,
    "p75": 7.867433130741119
  },
  "ejection_chain_tabu_prediction_aware": false,
  "ejection_chain_tabu_description": "Cross-phase tabu search with shallow ejection chains.",
  "lns_cp_repair_improvement_pct": {
    "mean": 24.971831456763688,
    "median": 25.324477019392273,
    "std": 9.675544273599218,
    "p25": 19.248686096512188,
    "p75": 31.834650856389985
  },
  "lns_cp_repair_effective_improvement_pct": {
    "mean": 24.971831456763688,
    "median": 25.324477019392273,
    "std": 9.675544273599218,
    "p25": 19.248686096512188,
    "p75": 31.834650856389985
  },
  "lns_cp_repair_latency_ms": {
    "mean": 8.647203103949627,
    "median": 7.438957691192627,
    "std": 20.005564706276484,
    "p25": 6.895178928971291,
    "p75": 7.8639257699251175
  },
  "lns_cp_repair_effective_latency_ms": {
    "mean": 8.647203103949627,
    "median": 7.438957691192627,
    "std": 20.005564706276484,
    "p25": 6.895178928971291,
    "p75": 7.8639257699251175
  },
  "lns_cp_repair_prediction_aware": false,
  "lns_cp_repair_description": "CP-repair around single-phase bottlenecks.",
  "cp_lpt_improvement_pct": {
    "mean": 0.2430571391441769,
    "median": 2.49223602484472,
    "std": 12.900338819204498,
    "p25": -8.653846153846153,
    "p75": 9.412202380952381
  },
  "cp_lpt_effective_improvement_pct": {
    "mean": 0.2430571391441769,
    "median": 2.49223602484472,
    "std": 12.900338819204498,
    "p25": -8.653846153846153,
    "p75": 9.412202380952381
  },
  "cp_lpt_latency_ms": {
    "mean": 0.5338480540861686,
    "median": 0.5470439791679382,
    "std": 0.11068082909912438,
    "p25": 0.4776790738105774,
    "p75": 0.5667656660079956
  },
  "cp_lpt_effective_latency_ms": {
    "mean": 0.5338480540861686,
    "median": 0.5470439791679382,
    "std": 0.11068082909912438,
    "p25": 0.4776790738105774,
    "p75": 0.5667656660079956
  },
  "cp_lpt_prediction_aware": true,
  "cp_lpt_description": "Critical-path LPT using later_work from next phase.",
  "lagrangian_improvement_pct": {
    "mean": 22.22018520348702,
    "median": 22.31456043956044,
    "std": 9.739017750599388,
    "p25": 15.748355263157894,
    "p75": 29.69316123188406
  },
  "lagrangian_effective_improvement_pct": {
    "mean": 22.22018520348702,
    "median": 22.31456043956044,
    "std": 9.739017750599388,
    "p25": 15.748355263157894,
    "p75": 29.69316123188406
  },
  "lagrangian_latency_ms": {
    "mean": 5.343923236553867,
    "median": 5.335833877325058,
    "std": 0.34938728875980746,
    "p25": 5.135588347911835,
    "p75": 5.5938418954610825
  },
  "lagrangian_effective_latency_ms": {
    "mean": 5.343923236553867,
    "median": 5.335833877325058,
    "std": 0.34938728875980746,
    "p25": 5.135588347911835,
    "p75": 5.5938418954610825
  },
  "lagrangian_prediction_aware": true,
  "lagrangian_description": "Cross-phase Lagrangian ordering using all three phase matrices."
}