{
  "pair_count": 120,
  "model": "full_duplex",
  "expert_compute_delay": 0.0,
  "traffic_correlation": {
    "mean": 0.7395382041217088,
    "median": 0.7911585677450619,
    "std": 0.15966424341313618,
    "p25": 0.6750383918622999,
    "p75": 0.8417338206661928
  },
  "greedy_latency_ms": {
    "mean": 0.18006165822347006,
    "median": 0.1850128173828125,
    "std": 0.02268202753782665,
    "p25": 0.18095970153808594,
    "p75": 0.19341707229614258
  },
  "include_fast_best_of": false,
  "skip_oracle": true,
  "predicted_improvement_vs_traffic_correlation": null,
  "gate2_decision": null,
  "birkhoff_improvement_pct": {
    "mean": 22.94986411604165,
    "median": 22.875816993464053,
    "std": 9.999406061960855,
    "p25": 16.019898525447914,
    "p75": 29.927007299270077
  },
  "birkhoff_latency_ms": {
    "mean": 1.031147005657355,
    "median": 1.0578818619251251,
    "std": 0.1389461460197616,
    "p25": 0.9484458714723587,
    "p75": 1.1326353996992111
  },
  "ibbr_improvement_pct": {
    "mean": 24.467679080636668,
    "median": 24.887674559805706,
    "std": 9.553537860123258,
    "p25": 17.868319691863263,
    "p75": 31.50895200599925
  },
  "ibbr_latency_ms": {
    "mean": 6.860992995401223,
    "median": 6.1789341270923615,
    "std": 2.884850479039276,
    "p25": 4.621794447302818,
    "p75": 8.894924074411392
  },
  "ejection_chain_tabu_improvement_pct": {
    "mean": 27.026860277061708,
    "median": 27.923976608187132,
    "std": 9.014548954886111,
    "p25": 22.750424448217316,
    "p75": 33.3176423599224
  },
  "ejection_chain_tabu_latency_ms": {
    "mean": 11.139043048024178,
    "median": 11.554230004549026,
    "std": 1.4140139107780896,
    "p25": 10.681752115488052,
    "p75": 12.000856921076775
  },
  "lns_cp_repair_improvement_pct": {
    "mean": 27.026860277061708,
    "median": 27.923976608187132,
    "std": 9.014548954886111,
    "p25": 22.750424448217316,
    "p75": 33.3176423599224
  },
  "lns_cp_repair_latency_ms": {
    "mean": 11.32997361322244,
    "median": 11.636722832918167,
    "std": 1.6499709023175324,
    "p25": 10.624969378113747,
    "p75": 12.074252590537071
  },
  "decomposed_improvement_pct": {
    "mean": 7.513440091927241,
    "median": 8.661417322834646,
    "std": 10.594522533400642,
    "p25": 2.09040314917877,
    "p75": 14.17910447761194
  },
  "decomposed_latency_ms": {
    "mean": 47.09268386165301,
    "median": 41.65256768465042,
    "std": 43.5620581548145,
    "p25": 39.513107389211655,
    "p75": 43.54602470993996
  },
  "quantized_decomposed_improvement_pct": {
    "mean": 6.3526952492599635,
    "median": 7.462686567164178,
    "std": 9.43372131314447,
    "p25": 0.0,
    "p75": 12.857142857142858
  },
  "quantized_decomposed_latency_ms": {
    "mean": 21.848270172874134,
    "median": 21.521229296922684,
    "std": 1.4527908799377944,
    "p25": 21.159308031201363,
    "p75": 21.996473893523216
  }
}