{
  "pair_count": 960,
  "model": "full_duplex",
  "expert_compute_delay": 0.0,
  "baseline_layer_time_ms": 10.0,
  "hidden_window_ms": 10.0,
  "token_to_ms_factor": 0.5,
  "next_mode": "predicted",
  "phase2_source": "actual",
  "traffic_correlation": {
    "mean": 0.7731198744527599,
    "median": 0.8109601861124774,
    "std": 0.12754480365496823,
    "p25": 0.7382538020748918,
    "p75": 0.8597783401072902
  },
  "greedy_latency_ms": {
    "mean": 0.3988496959209442,
    "median": 0.3993511199951172,
    "std": 0.04756744608338564,
    "p25": 0.3667473793029785,
    "p75": 0.4265904426574707
  },
  "greedy_makespan_ms": {
    "mean": 33.8625,
    "median": 33.5,
    "std": 4.860164391938473,
    "p25": 30.5,
    "p75": 37.0
  },
  "include_fast_best_of": false,
  "skip_oracle": true,
  "predicted_improvement_vs_traffic_correlation": null,
  "gate2_decision": null,
  "B_birkhoff_improvement_pct": {
    "mean": 20.71197523629304,
    "median": 20.478054235392786,
    "std": 9.632793280903536,
    "p25": 14.538123167155424,
    "p75": 27.397260273972602
  },
  "B_birkhoff_effective_improvement_pct": {
    "mean": 20.71197523629304,
    "median": 20.478054235392786,
    "std": 9.632793280903536,
    "p25": 14.538123167155424,
    "p75": 27.397260273972602
  },
  "B_birkhoff_latency_ms": {
    "mean": 1.9873003552978237,
    "median": 1.9513294100761414,
    "std": 0.7439869222945936,
    "p25": 1.734953373670578,
    "p75": 2.1590273827314377
  },
  "B_birkhoff_effective_latency_ms": {
    "mean": 1.9873003552978237,
    "median": 1.9513294100761414,
    "std": 0.7439869222945936,
    "p25": 1.734953373670578,
    "p75": 2.1590273827314377
  },
  "B_birkhoff_comm_savings_ms": {
    "mean": 7.129166666666666,
    "median": 7.0,
    "std": 3.6993078369097945,
    "p25": 4.5,
    "p75": 9.5
  },
  "B_birkhoff_exposed_latency_ms": {
    "mean": 0.01422207523137331,
    "median": 0.0,
    "std": 0.31169957151452526,
    "p25": 0.0,
    "p75": 0.0
  },
  "B_birkhoff_net_benefit_ms": {
    "mean": 7.114944591435293,
    "median": 7.0,
    "std": 3.706556276070621,
    "p25": 4.5,
    "p75": 9.5
  },
  "B_birkhoff_effective_e2e_time_ms": {
    "mean": 26.747555408564708,
    "median": 26.0,
    "std": 4.454760545462257,
    "p25": 23.5,
    "p75": 29.625
  },
  "B_birkhoff_e2e_speedup_pct": {
    "mean": 20.66789117443052,
    "median": 20.37357315807679,
    "std": 9.652771981766378,
    "p25": 14.516129032258066,
    "p75": 27.397260273972602
  },
  "B_birkhoff_prediction_aware": false,
  "B_birkhoff_description": "Baseline: per-phase Birkhoff decomposition.",
  "B_barrier_aware_birkhoff_improvement_pct": {
    "mean": 14.82569001620546,
    "median": 14.962686567164178,
    "std": 9.99056988409811,
    "p25": 8.304794520547944,
    "p75": 22.0401296111665
  },
  "B_barrier_aware_birkhoff_effective_improvement_pct": {
    "mean": 14.82569001620546,
    "median": 14.962686567164178,
    "std": 9.99056988409811,
    "p25": 8.304794520547944,
    "p75": 22.0401296111665
  },
  "B_barrier_aware_birkhoff_latency_ms": {
    "mean": 81.14727765787393,
    "median": 76.85157656669617,
    "std": 56.01261122668022,
    "p25": 69.8841791599989,
    "p75": 84.99640971422195
  },
  "B_barrier_aware_birkhoff_effective_latency_ms": {
    "mean": 81.14727765787393,
    "median": 76.85157656669617,
    "std": 56.01261122668022,
    "p25": 69.8841791599989,
    "p75": 84.99640971422195
  },
  "B_barrier_aware_birkhoff_comm_savings_ms": {
    "mean": 5.1265625,
    "median": 5.0,
    "std": 3.7027400687770515,
    "p25": 2.5,
    "p75": 7.5
  },
  "B_barrier_aware_birkhoff_exposed_latency_ms": {
    "mean": 71.14727765787393,
    "median": 66.85157656669617,
    "std": 56.01261122668022,
    "p25": 59.884179159998894,
    "p75": 74.99640971422195
  },
  "B_barrier_aware_birkhoff_net_benefit_ms": {
    "mean": -66.02071515787392,
    "median": -61.68874600529671,
    "std": 56.12670836119715,
    "p25": -70.024886444211,
    "p75": -54.735356107354164
  },
  "B_barrier_aware_birkhoff_effective_e2e_time_ms": {
    "mean": 99.88321515787393,
    "median": 95.69886201620102,
    "std": 56.884536538800994,
    "p25": 85.53415943682194,
    "p75": 106.73624780774117
  },
  "B_barrier_aware_birkhoff_e2e_speedup_pct": {
    "mean": -196.1542543511501,
    "median": -184.70842111821264,
    "std": 159.79632717923772,
    "p25": -207.46540896743767,
    "p75": -163.6686673188655
  },
  "B_barrier_aware_birkhoff_prediction_aware": false,
  "B_barrier_aware_birkhoff_description": "Baseline: Birkhoff variant search within phase-local space.",
  "O_cp_lpt_improvement_pct": {
    "mean": 0.7033479051534812,
    "median": 1.3513513513513513,
    "std": 10.459675996393125,
    "p25": -5.956823027718549,
    "p75": 7.792207792207792
  },
  "O_cp_lpt_effective_improvement_pct": {
    "mean": 0.7033479051534812,
    "median": 1.3513513513513513,
    "std": 10.459675996393125,
    "p25": -5.956823027718549,
    "p75": 7.792207792207792
  },
  "O_cp_lpt_latency_ms": {
    "mean": 1.5891354531049728,
    "median": 1.5896745026111603,
    "std": 0.5753604176396812,
    "p25": 1.3800468295812607,
    "p75": 1.7277300357818604
  },
  "O_cp_lpt_effective_latency_ms": {
    "mean": 1.5891354531049728,
    "median": 1.5896745026111603,
    "std": 0.5753604176396812,
    "p25": 1.3800468295812607,
    "p75": 1.7277300357818604
  },
  "O_cp_lpt_comm_savings_ms": {
    "mean": 0.3734375,
    "median": 0.5,
    "std": 3.6293612638581116,
    "p25": -2.0,
    "p75": 2.625
  },
  "O_cp_lpt_exposed_latency_ms": {
    "mean": 0.007789509991804759,
    "median": 0.0,
    "std": 0.24122340435790368,
    "p25": 0.0,
    "p75": 0.0
  },
  "O_cp_lpt_net_benefit_ms": {
    "mean": 0.36564799000819526,
    "median": 0.5,
    "std": 3.6520587802734443,
    "p25": -2.0,
    "p75": 2.625
  },
  "O_cp_lpt_effective_e2e_time_ms": {
    "mean": 33.496852009991805,
    "median": 33.5,
    "std": 5.205637820088677,
    "p25": 29.5,
    "p75": 36.5
  },
  "O_cp_lpt_e2e_speedup_pct": {
    "mean": 0.6822951754459008,
    "median": 1.3513513513513513,
    "std": 10.516614129700855,
    "p25": -5.956823027718549,
    "p75": 7.792207792207792
  },
  "O_cp_lpt_prediction_aware": true,
  "O_cp_lpt_description": "Ours: critical-path LPT using next-phase later_work.",
  "O_lagrangian_improvement_pct": {
    "mean": 22.05854691455325,
    "median": 22.388059701492537,
    "std": 9.330907268474226,
    "p25": 15.686274509803921,
    "p75": 28.767123287671232
  },
  "O_lagrangian_effective_improvement_pct": {
    "mean": 22.05854691455325,
    "median": 22.388059701492537,
    "std": 9.330907268474226,
    "p25": 15.686274509803921,
    "p75": 28.767123287671232
  },
  "O_lagrangian_latency_ms": {
    "mean": 8.494971079441408,
    "median": 6.5922848880290985,
    "std": 60.01603971392649,
    "p25": 5.9275999665260315,
    "p75": 7.057100534439087
  },
  "O_lagrangian_effective_latency_ms": {
    "mean": 8.494971079441408,
    "median": 6.5922848880290985,
    "std": 60.01603971392649,
    "p25": 5.9275999665260315,
    "p75": 7.057100534439087
  },
  "O_lagrangian_comm_savings_ms": {
    "mean": 7.584375,
    "median": 7.5,
    "std": 3.645940325811025,
    "p25": 5.0,
    "p75": 10.0
  },
  "O_lagrangian_exposed_latency_ms": {
    "mean": 1.9488157893841465,
    "median": 0.0,
    "std": 59.89793963390943,
    "p25": 0.0,
    "p75": 0.0
  },
  "O_lagrangian_net_benefit_ms": {
    "mean": 5.635559210615853,
    "median": 7.5,
    "std": 59.8163784129287,
    "p25": 5.0,
    "p75": 10.0
  },
  "O_lagrangian_effective_e2e_time_ms": {
    "mean": 28.226940789384148,
    "median": 26.0,
    "std": 60.07945283128575,
    "p25": 23.0,
    "p75": 29.0
  },
  "O_lagrangian_e2e_speedup_pct": {
    "mean": 17.250273520708504,
    "median": 22.22222222222222,
    "std": 147.82396574716958,
    "p25": 15.517241379310345,
    "p75": 28.767123287671232
  },
  "O_lagrangian_prediction_aware": true,